title,url,city,image_url,description
Tijuana Guided Day Trip with Lunch,https://www.getyourguide.com/san-diego-l263/introduction-tijuana-day-trip-from-san-diego-t640846/?partner_id=VF7NIT2&utm_medium=online_publisher,San Diego,"https://cdn.getyourguide.com/image/format=auto,fit=cover,gravity=auto,quality=60,width=270,height=180,dpr=2/tour_img/1d638aeff9a39b130d505751af09475c6528eec33004b6febb5ed8eece2a8ca1.jpg",
Tijuana City Guided Tour and Food Tasting,https://www.getyourguide.com/san-diego-l263/from-san-diego-tijuana-city-guided-tour-and-food-tasting-t399598/?partner_id=VF7NIT2&utm_medium=online_publisher,San Diego,"https://cdn.getyourguide.com/image/format=auto,fit=cover,gravity=auto,quality=60,width=270,height=180,dpr=2/tour_img/60be42b419acd.jpeg",
Private Puerto Nuevo Tour with Lobster Lunch,https://www.getyourguide.com/san-diego-l263/from-san-diego-private-puerto-nuevo-tour-with-lobster-lunch-t400084/?partner_id=VF7NIT2&utm_medium=online_publisher,San Diego,"https://cdn.getyourguide.com/image/format=auto,fit=cover,gravity=auto,quality=60,width=270,height=180,dpr=2/tour_img/61095a5116ab2.jpeg",
City Cruises Buffet Breakfast and Brunch Cruise,https://www.getyourguide.com/san-diego-l263/san-diego-city-cruises-buffet-breakfast-and-brunch-cruise-t7813/?partner_id=VF7NIT2&utm_medium=online_publisher,San Diego,"https://cdn.getyourguide.com/image/format=auto,fit=cover,gravity=auto,quality=60,width=270,height=180,dpr=2/tour_img/6a5bf16f1c87a451a403ce920845118f0a366112ed6ff56629a8dc0700133f9a.jpg",
Old Town Tequila and Tacos Walking Food Tour,https://www.getyourguide.com/san-diego-l263/san-diego-tequila-tacos-tombstones-walking-tour-t19959/?partner_id=VF7NIT2&utm_medium=online_publisher,San Diego,"https://cdn.getyourguide.com/image/format=auto,fit=cover,gravity=auto,quality=60,width=270,height=180,dpr=2/tour_img/5c100d55cc5a9.jpeg",
City Cruises San Diego: Christmas Eve Brunch/Dinner Cruise,https://www.getyourguide.com/san-diego-l263/san-diego-christmas-eve-buffet-brunch-or-dinner-cruise-t487402/?partner_id=VF7NIT2&utm_medium=online_publisher,San Diego,"https://cdn.getyourguide.com/image/format=auto,fit=cover,gravity=auto,quality=60,width=270,height=180,dpr=2/tour_img/64adc0e0bd9e6.jpeg",
Pizza and Ice Cream Walking Tour,https://www.getyourguide.com/san-diego-l263/san-diego-pizza-and-ice-cream-walking-tour-t845471/?partner_id=VF7NIT2&utm_medium=online_publisher,San Diego,"https://cdn.getyourguide.com/image/format=auto,fit=cover,gravity=auto,quality=60,width=270,height=180,dpr=2/tour_img/ccf37572eb4644e3344d1930e09eb440333017f0e63b4d69a3c83c64ae2d5d76.jpeg",
Gaslamp District Food Tour with 6 Local Dishes,https://www.getyourguide.com/san-diego-l263/san-diego-gaslamp-district-food-tour-with-6-local-dishes-t341366/?partner_id=VF7NIT2&utm_medium=online_publisher,San Diego,"https://cdn.getyourguide.com/image/format=auto,fit=cover,gravity=auto,quality=60,width=270,height=180,dpr=2/tour_img/c63ff924813aa228757d17707e9d78dcdfee270395095983200742f1f64fc8cb.jpg",
Little Italy Food & Drink Walking Tour,https://www.getyourguide.com/san-diego-l263/san-diego-little-italy-food-walking-tour-t412059/?partner_id=VF7NIT2&utm_medium=online_publisher,San Diego,"https://cdn.getyourguide.com/image/format=auto,fit=cover,gravity=auto,quality=60,width=270,height=180,dpr=2/tour_img/4256798d56a21f547068be861042acf451618225ec39b81d9caef34dded7a973.jpg",
City Cruises Buffet Dinner Cruise with Drinks,https://www.getyourguide.com/san-diego-l263/san-diego-city-cruises-buffet-dinner-cruise-with-drinks-t553519/?partner_id=VF7NIT2&utm_medium=online_publisher,San Diego,"https://cdn.getyourguide.com/image/format=auto,fit=cover,gravity=auto,quality=60,width=270,height=180,dpr=2/tour_img/15a714a2e3c10477.jpeg",
City Cruises Gourmet Dinner Cruise,https://www.getyourguide.com/san-diego-l263/san-diego-city-cruises-gourmet-dinner-cruise-t6629/?partner_id=VF7NIT2&utm_medium=online_publisher,San Diego,"https://cdn.getyourguide.com/image/format=auto,fit=cover,gravity=auto,quality=60,width=270,height=180,dpr=2/tour_img/5d111bfe3c20f.jpeg",
Little Italy Wine Tasting Walking Tour,https://www.getyourguide.com/san-diego-l263/san-diego-little-italy-wine-tasting-walking-tour-t433483/?partner_id=VF7NIT2&utm_medium=online_publisher,San Diego,"https://cdn.getyourguide.com/image/format=auto,fit=cover,gravity=auto,quality=60,width=270,height=180,dpr=2/tour_img/6407aec985d3f.jpeg",
Temecula Wine Country Scenic Tour with Guide,https://www.getyourguide.com/san-diego-l263/san-diego-temecula-wine-country-scenic-tour-with-guide-t1244700/?partner_id=VF7NIT2&utm_medium=online_publisher,San Diego,"https://cdn.getyourguide.com/image/format=auto,fit=cover,gravity=auto,quality=60,width=270,height=180,dpr=2/tour_img/db0ea1420f5d497ba9e300710d90abd0f183e3337786a2315668a44800557ef1.jpg",
Gaslamp Quarter Food & Drink Walking Tour,https://www.getyourguide.com/san-diego-l263/brothels-bites-and-booze-san-diego-gaslamp-walking-tour-t8005/?partner_id=VF7NIT2&utm_medium=online_publisher,San Diego,"https://cdn.getyourguide.com/image/format=auto,fit=cover,gravity=auto,quality=60,width=270,height=180,dpr=2/tour_img/a65e0a0d14a26f9f181dfd8d4c07764b28b8ae8481e51d2ee6067ff0680afdf6.jpg",
Bayside Brunch Picnic Experience,https://www.getyourguide.com/san-diego-l263/san-diego-bayside-brunch-picnic-experience-t1304520/?partner_id=VF7NIT2&utm_medium=online_publisher,San Diego,"https://cdn.getyourguide.com/image/format=auto,fit=cover,gravity=auto,quality=60,width=270,height=180,dpr=2/tour_img/497d66453118fce1d62b33e08bc735b91b6994833b55a76df55002f6c4e1a86c.png",
"San Diego, Seaport Village: Waterfront Walking Food Tour",https://www.getyourguide.com/san-diego-l263/san-diego-seaport-village-waterfront-walking-food-tour-t602868/?partner_id=VF7NIT2&utm_medium=online_publisher,San Diego,"https://cdn.getyourguide.com/image/format=auto,fit=cover,gravity=auto,quality=60,width=270,height=180,dpr=2/tour_img/569bc8cb1cd2fabf88a31db0601fb5d4d8c5ded000a44a07fa97e2a9181416e8.jpeg",
Pad Thai Cooking Class With Local Chef,https://www.getyourguide.com/vista-l101043/san-diego-pad-thai-cooking-class-with-local-chef-t864044/?partner_id=VF7NIT2&utm_medium=online_publisher,San Diego,"https://cdn.getyourguide.com/image/format=auto,fit=cover,gravity=auto,quality=60,width=270,height=180,dpr=2/tour_img/ef68d98072d79e0589ac3b91026639f45bbb336a524b0a43dcc0055e8d275375.jpg",
Private San Diego Beer Tasting Tour,https://www.getyourguide.com/san-diego-l263/private-san-diego-beer-tasting-tour-t1228410/?partner_id=VF7NIT2&utm_medium=online_publisher,San Diego,"https://cdn.getyourguide.com/image/format=auto,fit=cover,gravity=auto,quality=60,width=270,height=180,dpr=2/tour_img/c86b46e2e6c00cb8f0eed509f7000da0317727a9a51049ecc3b4dc5c673178e2.jpeg",
Little Italy Delicious Donut & Sweet Treats Tour,https://www.getyourguide.com/san-diego-l263/san-diego-little-italy-delicious-donut-sweet-treats-tour-t858813/?partner_id=VF7NIT2&utm_medium=online_publisher,San Diego,"https://cdn.getyourguide.com/image/format=auto,fit=cover,gravity=auto,quality=60,width=270,height=180,dpr=2/tour_img/57b8cb3ba166590f49fa0c167429cc045c96a4c15eb8fcc2efe74d9f0dd6fa63.jpeg",
Brewery Tour with Tastings and Food Pairings,https://www.getyourguide.com/san-diego-l263/san-diego-brewery-tour-with-tastings-and-food-pairings-t414436/?partner_id=VF7NIT2&utm_medium=online_publisher,San Diego,"https://cdn.getyourguide.com/image/format=auto,fit=cover,gravity=auto,quality=60,width=270,height=180,dpr=2/tour_img/622bbaac13ece.jpeg",
Carlsbad Village Local Food Tours,https://www.getyourguide.com/carlsbad-l514/carlsbad-village-3-hour-local-food-tour-t246347/?partner_id=VF7NIT2&utm_medium=online_publisher,San Diego,"https://cdn.getyourguide.com/image/format=auto,fit=cover,gravity=auto,quality=60,width=270,height=180,dpr=2/tour_img/9e15178de678c49c.jpeg",
Barrio Logan Food and Art Guided Walking Tour,https://www.getyourguide.com/san-diego-l263/san-diego-barrio-logan-district-food-and-art-guided-tour-t414438/?partner_id=VF7NIT2&utm_medium=online_publisher,San Diego,"https://cdn.getyourguide.com/image/format=auto,fit=cover,gravity=auto,quality=60,width=270,height=180,dpr=2/tour_img/62bd58de8815c.jpeg",
Vegan Food Tour,https://www.getyourguide.com/san-diego-l263/san-diego-vegan-food-tour-t741931/?partner_id=VF7NIT2&utm_medium=online_publisher,San Diego,"https://cdn.getyourguide.com/image/format=auto,fit=cover,gravity=auto,quality=60,width=270,height=180,dpr=2/tour_img/5259f546bc211f220f14d5d4be1b2aa63112d276b5b599bf7533a3733ae4eb0b.jpg",
East Village Food and Drink Walking Tour,https://www.getyourguide.com/san-diego-l263/san-diego-east-village-food-and-drink-walking-tour-t414437/?partner_id=VF7NIT2&utm_medium=online_publisher,San Diego,"https://cdn.getyourguide.com/image/format=auto,fit=cover,gravity=auto,quality=60,width=270,height=180,dpr=2/tour_img/66214cc5f81153db.jpeg",
Wine Glass Painting Experience,https://www.getyourguide.com/san-diego-l263/san-diego-wine-glass-painting-experience-t1347495/?partner_id=VF7NIT2&utm_medium=online_publisher,San Diego,"https://cdn.getyourguide.com/image/format=auto,fit=cover,gravity=auto,quality=60,width=270,height=180,dpr=2/tour_img/e8feda6b4ff7fdbed480fd598f709a0c39aefc23cb1f0870ee949293a4a58b84.jpg",
Chauffeured Winery Tour with Full Meal,https://www.getyourguide.com/san-diego-l263/san-diego-chauffeured-vineyards-adventure-with-dinner-t841168/?partner_id=VF7NIT2&utm_medium=online_publisher,San Diego,"https://cdn.getyourguide.com/image/format=auto,fit=cover,gravity=auto,quality=60,width=270,height=180,dpr=2/tour_img/d8b40075601f6a44d15fd9a873b6a2d9507678deee41e577550da3c4b00cf0e3.jpg",
Temecula Winery & Old Town Tour with a Certified Sommelier,https://www.getyourguide.com/temecula-l1869/temecula-winery-old-town-tour-with-a-certified-sommelier-t1319638/?partner_id=VF7NIT2&utm_medium=online_publisher,San Diego,"https://cdn.getyourguide.com/image/format=auto,fit=cover,gravity=auto,quality=60,width=270,height=180,dpr=2/tour_img/cf9f20d112e1c3390d462766506be428470754d557227adcbdd7cd75cb8edd6d.jpg",
Temecula Valley Private Winery Tour,https://www.getyourguide.com/temecula-l1869/san-diego-temecula-valley-private-winery-tour-t1304376/?partner_id=VF7NIT2&utm_medium=online_publisher,San Diego,"https://cdn.getyourguide.com/image/format=auto,fit=cover,gravity=auto,quality=60,width=270,height=180,dpr=2/tour_img/252a9e7ca9966984b980d3cbe5ffca01fd022d6d57183cd6983493def1548842.png",
Valle de Guadalupe Private Wine Tasting Tour,https://www.getyourguide.com/san-diego-l263/from-san-diego-valle-de-guadalupe-private-wine-tasting-tour-t400076/?partner_id=VF7NIT2&utm_medium=online_publisher,San Diego,"https://cdn.getyourguide.com/image/format=auto,fit=cover,gravity=auto,quality=60,width=270,height=180,dpr=2/tour_img/60be45c9ee2cf.jpeg",
Private Tour of San Diego with ten great stops,https://www.getyourguide.com/coronado-l95615/private-tour-of-san-diego-with-ten-great-stops-t1324053/?partner_id=VF7NIT2&utm_medium=online_publisher,San Diego,"https://cdn.getyourguide.com/image/format=auto,fit=cover,gravity=auto,quality=60,width=270,height=180,dpr=2/tour_img/40daecc16e895ed844a1106ca5f3a11af1bc29c8df24b2d73b5676e8933752c5.jpg",
3 Hour Whale Watch Cruise with Legacy Whale Watch,https://www.getyourguide.com/san-diego-l263/san-diego-3-hour-whale-watching-cruise-t1049949/?partner_id=VF7NIT2&utm_medium=online_publisher,San Diego,"https://cdn.getyourguide.com/image/format=auto,fit=cover,gravity=auto,quality=60,width=270,height=180,dpr=2/tour_img/873a35d946755bbb65ac1d1bcbc36b1a992cc60fcd6e57ba9349e07f4d5b8658.jpg",
Mission Bay Sunset Cruise,https://www.getyourguide.com/san-diego-l263/san-diego-mission-bay-sunset-cruise-t962247/?partner_id=VF7NIT2&utm_medium=online_publisher,San Diego,"https://cdn.getyourguide.com/image/format=auto,fit=cover,gravity=auto,quality=60,width=270,height=180,dpr=2/tour_img/39763053e46d3504e6ff4e8f1794efd1c7b1661903090800a4a193bc4093a5de.jpg",
Private Luxury Gondola Cruise in Coronado,https://www.getyourguide.com/coronado-l95615/san-diego-private-luxury-gondola-cruise-in-coronado-t1278839/?partner_id=VF7NIT2&utm_medium=online_publisher,San Diego,"https://cdn.getyourguide.com/image/format=auto,fit=cover,gravity=auto,quality=60,width=270,height=180,dpr=2/tour_img/3912922574a685112f7051ef5629928aee15fdc1312c911bda1257fd8d9e1a19.jpg",
Pretty in Pink Electric Boat Rental,https://www.getyourguide.com/san-diego-l263/san-diego-electric-pink-boat-rental-t1270963/?partner_id=VF7NIT2&utm_medium=online_publisher,San Diego,"https://cdn.getyourguide.com/image/format=auto,fit=cover,gravity=auto,quality=60,width=270,height=180,dpr=2/tour_img/5a37ff426451cd315c68e8b228f52f9d39f112759471f17ffe105da9e223b790.jpeg",
City Cruises San Diego: Best of the Bay Scenic Harbor Tour,https://www.getyourguide.com/san-diego-l263/city-cruises-san-diego-best-of-the-bay-scenic-harbor-tour-t410447/?partner_id=VF7NIT2&utm_medium=online_publisher,San Diego,"https://cdn.getyourguide.com/image/format=auto,fit=cover,gravity=auto,quality=60,width=270,height=180,dpr=2/tour_img/7772dcc11301444e550f08e3c28ac294560903e799bb5dc230dbe668e9cacf16.jpg",
Double Decker Boat Party in San Diego,https://www.getyourguide.com/san-diego-l263/san-diego-double-decker-boat-party-on-mission-bay-t1005984/?partner_id=VF7NIT2&utm_medium=online_publisher,San Diego,"https://cdn.getyourguide.com/image/format=auto,fit=cover,gravity=auto,quality=60,width=270,height=180,dpr=2/tour_img/40afe8c2bd88bdd61cb0689c31aad608d87cfab92e5b2f78a0d1b98990c40308.jpeg",
Sunset Harbor Cruise,https://www.getyourguide.com/san-diego-l263/san-diego-sunset-harbor-cruise-t947474/?partner_id=VF7NIT2&utm_medium=online_publisher,San Diego,"https://cdn.getyourguide.com/image/format=auto,fit=cover,gravity=auto,quality=60,width=270,height=180,dpr=2/tour_img/e78779b41d89cf93a7eb8f677e517e18fb6a17ee2cf9029b9395f14078bd11ef.png",
Whale Watching Cruise on the Yacht America,https://www.getyourguide.com/san-diego-l263/san-diego-whale-watching-cruise-on-the-yacht-america-t933011/?partner_id=VF7NIT2&utm_medium=online_publisher,San Diego,"https://cdn.getyourguide.com/image/format=auto,fit=cover,gravity=auto,quality=60,width=270,height=180,dpr=2/tour_img/07d6bb88730cae61bc22d7bbf6dccb575237bf3aa3657dd6de9e0999a4bc2ed6.jpg",
Sunset Sailing Tour with Wildlife Watching,https://www.getyourguide.com/san-diego-l263/san-diego-sunset-sailing-tour-with-wildlife-watching-t1344841/?partner_id=VF7NIT2&utm_medium=online_publisher,San Diego,"https://cdn.getyourguide.com/image/format=auto,fit=cover,gravity=auto,quality=60,width=270,height=180,dpr=2/tour_img/387c9e62088f6c59cac0582686f7bcaccd37d600141cebc5082fc17eb4eafe44.jpeg",
Patriot Jet Boat Thrill Ride,https://www.getyourguide.com/san-diego-l263/san-diego-patriot-jet-boat-thrill-ride-t208788/?partner_id=VF7NIT2&utm_medium=online_publisher,San Diego,"https://cdn.getyourguide.com/image/format=auto,fit=cover,gravity=auto,quality=60,width=270,height=180,dpr=2/tour_img/5c478e456317b.jpeg",
Drive Your Own Speed Boat 2-Hour Tour,https://www.getyourguide.com/san-diego-l263/drive-your-own-speed-boat-in-san-diego-t8031/?partner_id=VF7NIT2&utm_medium=online_publisher,San Diego,"https://cdn.getyourguide.com/image/format=auto,fit=cover,gravity=auto,quality=60,width=270,height=180,dpr=2/tour_img/645d2ba9dfdcb.jpeg",
GPS-Guided Private Electric Open-Top Car Tour,https://www.getyourguide.com/san-diego-l263/coronado-gps-guided-electric-gocar-private-tour-t409662/?partner_id=VF7NIT2&utm_medium=online_publisher,San Diego,"https://cdn.getyourguide.com/image/format=auto,fit=cover,gravity=auto,quality=60,width=270,height=180,dpr=2/tour_img/62211d30aaf59.jpeg",
Sunset and Day Sailing Excursion with Drinks,https://www.getyourguide.com/san-diego-l263/san-diego-sailing-experience-t453124/?partner_id=VF7NIT2&utm_medium=online_publisher,San Diego,"https://cdn.getyourguide.com/image/format=auto,fit=cover,gravity=auto,quality=60,width=270,height=180,dpr=2/tour_img/b5d1302a048396eb671d4afbedd0abb259c5124822472e66d78c87d0b8310d5e.jpeg",
Top Gun Movie Private Tour,https://www.getyourguide.com/oceanside-l102210/san-diego-top-gun-movie-private-tour-t1085223/?partner_id=VF7NIT2&utm_medium=online_publisher,San Diego,"https://cdn.getyourguide.com/image/format=auto,fit=cover,gravity=auto,quality=60,width=270,height=180,dpr=2/tour_img/7ab491da322c9aadbc5595ca94a69dfd2a4cbe7b39356c55aee21ff7f6975b7f.jpg",
San Diego Harbor Cruise: 2.5 hour Catamaran Cruise,https://www.getyourguide.com/san-diego-l263/san-diego-harbor-cruise-25-hour-catamaran-cruise-t512024/?partner_id=VF7NIT2&utm_medium=online_publisher,San Diego,"https://cdn.getyourguide.com/image/format=auto,fit=cover,gravity=auto,quality=60,width=270,height=180,dpr=2/tour_img/6bc8dac0fc6675ef.jpeg",
San Diego Photography Tour with a Private Photographer,https://www.getyourguide.com/san-diego-l263/san-diego-photo-tour-with-a-private-photographer-t829602/?partner_id=VF7NIT2&utm_medium=online_publisher,San Diego,"https://cdn.getyourguide.com/image/format=auto,fit=cover,gravity=auto,quality=60,width=270,height=180,dpr=2/tour_img/2fbfbf85a6a72aa3f2cae99ae96d90770c0b384d365db04d7222c62541881f7d.jpg",
San Diego Photo Tour with a Private Photographer,https://www.getyourguide.com/san-diego-l263/create-ocean-cyanotypes-in-san-diego-t1201235/?partner_id=VF7NIT2&utm_medium=online_publisher,San Diego,"https://cdn.getyourguide.com/image/format=auto,fit=cover,gravity=auto,quality=60,width=270,height=180,dpr=2/tour_img/e53b754c3179e14a99dd791946c6c08a45b6f406877c3a27f0a55d17547ba45e.jpg",
Modern Electric Boat Rental,https://www.getyourguide.com/san-diego-l263/san-diego-modern-electric-boat-rental-t1277506/?partner_id=VF7NIT2&utm_medium=online_publisher,San Diego,"https://cdn.getyourguide.com/image/format=auto,fit=cover,gravity=auto,quality=60,width=270,height=180,dpr=2/tour_img/67469715aff066d01a3d17169d429f708cbe89813716b26c2dc426957d72682d.jpeg",
San Diego Bay: 2.5 hour Catamaran Sailing Cruise with Drinks,https://www.getyourguide.com/san-diego-l263/san-diego-bay-25-hour-pure-catamaran-sailing-cruise-t853650/?partner_id=VF7NIT2&utm_medium=online_publisher,San Diego,"https://cdn.getyourguide.com/image/format=auto,fit=cover,gravity=auto,quality=60,width=270,height=180,dpr=2/tour_img/e5ac10b04cece3ee56ca49833cf8da2bb0e0a143dfa6dcb0edb28ff8b5e42d21.jpeg",
Night Date Glow Pedal Boat with Downtown Views,https://www.getyourguide.com/san-diego-l263/san-diego-night-date-glow-pedal-boat-with-downtown-views-t510644/?partner_id=VF7NIT2&utm_medium=online_publisher,San Diego,"https://cdn.getyourguide.com/image/format=auto,fit=cover,gravity=auto,quality=60,width=270,height=180,dpr=2/tour_img/d5dbe4407bdc1a43.jpeg",
Pink Private Boat Cruise in San Diego! Bachelorette Birthday,https://www.getyourguide.com/san-diego-l263/pink-private-boat-cruise-in-san-diego-bachelorette-birthday-t457860/?partner_id=VF7NIT2&utm_medium=online_publisher,San Diego,"https://cdn.getyourguide.com/image/format=auto,fit=cover,gravity=auto,quality=60,width=270,height=180,dpr=2/tour_img/6436215f8e11e.jpeg",
Mission Bay San Diego: Paddle Pub Party Cruise,https://www.getyourguide.com/san-diego-l263/mission-bay-san-diego-paddle-pub-party-cruise-t754405/?partner_id=VF7NIT2&utm_medium=online_publisher,San Diego,"https://cdn.getyourguide.com/image/format=auto,fit=cover,gravity=auto,quality=60,width=270,height=180,dpr=2/tour_img/6f07044597ce5e529659cef278a1054094d4d9e00d321af593ae7c4fca55868b.jpg",
Private custom tour with a local guide,https://www.getyourguide.com/san-diego-l263/san-diego-private-custom-tour-with-a-local-guide-t475455/?partner_id=VF7NIT2&utm_medium=online_publisher,San Diego,"https://cdn.getyourguide.com/image/format=auto,fit=cover,gravity=auto,quality=60,width=270,height=180,dpr=2/tour_img/6489816da25e0.jpeg",
Whale Watching & Dolphin Cruise,https://www.getyourguide.com/san-diego-l263/san-diego-whale-watching-dolphin-cruise-t559330/?partner_id=VF7NIT2&utm_medium=online_publisher,San Diego,"https://cdn.getyourguide.com/image/format=auto,fit=cover,gravity=auto,quality=60,width=270,height=180,dpr=2/tour_img/0358bc7765384dfc41408395cabffec58610976e662ddbd777b16aebfb8a23f1.jpeg",
San Diego Bay Sunset & Daytime Sailing Experience,https://www.getyourguide.com/san-diego-l263/san-diego-san-diego-bay-sunset-daytime-sailing-experience-t454575/?partner_id=VF7NIT2&utm_medium=online_publisher,San Diego,"https://cdn.getyourguide.com/image/format=auto,fit=cover,gravity=auto,quality=60,width=270,height=180,dpr=2/tour_img/9e1900a23467db3849234688121d1e4d35f17f1817ffd3f101d1e0977954c217.jpg",
Private Double-Decker Pontoon Boat Party,https://www.getyourguide.com/san-diego-l263/san-diego-private-double-decker-pontoon-boat-party-t1259443/?partner_id=VF7NIT2&utm_medium=online_publisher,San Diego,"https://cdn.getyourguide.com/image/format=auto,fit=cover,gravity=auto,quality=60,width=270,height=180,dpr=2/tour_img/8028e7bfa913280251bc4277eac83d1dc7c5843a4bae31775af403da8640ffaa.jpeg",
La Jolla Sea Caves Sunset Kayak Tour,https://www.getyourguide.com/la-jolla-l1489/la-jolla-sunset-kayak-tour-of-the-7-caves-t699374/?partner_id=VF7NIT2&utm_medium=online_publisher,San Diego,"https://cdn.getyourguide.com/image/format=auto,fit=cover,gravity=auto,quality=60,width=270,height=180,dpr=2/tour_img/6411fd96ecaaa.jpeg",
San Diego Bay Dog-Friendly Eco Pedal Boat Rentals,https://www.getyourguide.com/san-diego-l263/san-diego-bay-eco-pedal-boat-rental-t403245/?partner_id=VF7NIT2&utm_medium=online_publisher,San Diego,"https://cdn.getyourguide.com/image/format=auto,fit=cover,gravity=auto,quality=60,width=270,height=180,dpr=2/tour_img/6101d1913866f.jpeg",
San Diego Dolphin Watch Sunset Cruise on Legacy Whale Watch,https://www.getyourguide.com/san-diego-l263/twilight-tour-with-san-diego-natural-history-museum-whalers-t1091735/?partner_id=VF7NIT2&utm_medium=online_publisher,San Diego,"https://cdn.getyourguide.com/image/format=auto,fit=cover,gravity=auto,quality=60,width=270,height=180,dpr=2/tour_img/8d68305e54501dcfbb0d84adab1aad65404805a6b79526ada87038d4f7318584.jpg",
Fun n Educational Private Surf Lesson with Board and Wetsuit,https://www.getyourguide.com/solana-beach-l168291/solana-beach-private-surf-lesson-with-board-and-wetsuit-t439499/?partner_id=VF7NIT2&utm_medium=online_publisher,San Diego,"https://cdn.getyourguide.com/image/format=auto,fit=cover,gravity=auto,quality=60,width=270,height=180,dpr=2/tour_img/31c5212c644e6ebe.jpeg",
Speed Boat Rental in San Diego Bay,https://www.getyourguide.com/san-diego-l263/san-diego-speed-boat-rental-in-san-diego-bay-t827673/?partner_id=VF7NIT2&utm_medium=online_publisher,San Diego,"https://cdn.getyourguide.com/image/format=auto,fit=cover,gravity=auto,quality=60,width=270,height=180,dpr=2/tour_img/a3a015544a9961fea52e2b6f87ae3620aa2dcfbcfbb13e15cfb65e4a9a330703.jpg",
Whale and Dolphin Watching Speedboat Tour,https://www.getyourguide.com/san-diego-l263/san-diego-whale-and-dolphin-watching-speedboat-tour-t792251/?partner_id=VF7NIT2&utm_medium=online_publisher,San Diego,"https://cdn.getyourguide.com/image/format=auto,fit=cover,gravity=auto,quality=60,width=270,height=180,dpr=2/tour_img/213846b7a4475406311718ae6438f110717cd9afaf3e0c2491d492a7e561bd7c.jpg",
"Relax on a Morning, Day or Sunset Luxury Sail",https://www.getyourguide.com/san-diego-l263/san-diego-3-hour-sailing-tour-t213096/?partner_id=VF7NIT2&utm_medium=online_publisher,San Diego,"https://cdn.getyourguide.com/image/format=auto,fit=cover,gravity=auto,quality=60,width=270,height=180,dpr=2/tour_img/d55ed3d4ff0ce26b143d231c6beb355ec33d0402dd1144015ba21cb3f8680a9c.jpg",
Electric Boat Rental with Sunshade,https://www.getyourguide.com/san-diego-l263/san-diego-electric-boat-rental-with-sunshade-t828421/?partner_id=VF7NIT2&utm_medium=online_publisher,San Diego,"https://cdn.getyourguide.com/image/format=auto,fit=cover,gravity=auto,quality=60,width=270,height=180,dpr=2/tour_img/4b0e9202ff654078722c4dc7086e065e9ea8048a31856bbe06d2e42025f39dc7.jpg",
City Cruises Whale and Dolphin Watching Cruise,https://www.getyourguide.com/san-diego-l263/san-diego-city-cruises-whale-and-dolphin-watching-cruise-t6635/?partner_id=VF7NIT2&utm_medium=online_publisher,San Diego,"https://cdn.getyourguide.com/image/format=auto,fit=cover,gravity=auto,quality=60,width=270,height=180,dpr=2/tour_img/503c9b88fe3e2ade2efcbfe7f9b9906475de341af29e35f385b47aa69b3ba531.jpg",
Private Surf Lesson,https://www.getyourguide.com/san-diego-l263/san-diego-private-surf-lesson-t414991/?partner_id=VF7NIT2&utm_medium=online_publisher,San Diego,"https://cdn.getyourguide.com/image/format=auto,fit=cover,gravity=auto,quality=60,width=270,height=180,dpr=2/tour_img/6233af283f22a.jpeg",
Coronado Highlights Small Group Walking Tour,https://www.getyourguide.com/san-diego-l263/san-diego-coronado-bay-and-the-beach-with-a-ferry-ride-t82194/?partner_id=VF7NIT2&utm_medium=online_publisher,San Diego,"https://cdn.getyourguide.com/image/format=auto,fit=cover,gravity=auto,quality=60,width=270,height=180,dpr=2/tour_img/612dcf095fb80.jpeg",
Private Tour Balboa Park La Jolla Coronado Old Town & More,https://www.getyourguide.com/coronado-l95615/5-12-hour-private-tour-of-san-diego-in-a-lexus-es300h-t864152/?partner_id=VF7NIT2&utm_medium=online_publisher,San Diego,"https://cdn.getyourguide.com/image/format=auto,fit=cover,gravity=auto,quality=60,width=270,height=180,dpr=2/tour_img/38cbf63bf8b10f986bfcc1c35762987ec4f755216e8a0990c5d4dd4fc099e1ae.jpeg",
Private sightseeing tour,https://www.getyourguide.com/solvang-l95363/private-sightseeing-tour-in-los-angeles-t657238/?partner_id=VF7NIT2&utm_medium=online_publisher,San Diego,"https://cdn.getyourguide.com/image/format=auto,fit=cover,gravity=auto,quality=60,width=270,height=180,dpr=2/tour_img/820fb99014a9c89bc6ead654a7317f9750ca245b5bbca54dcf7450394ccc86b6.jpg",
Private tour to San Diego,https://www.getyourguide.com/los-angeles-l179/private-tour-to-san-diego-from-los-angeles-t726073/?partner_id=VF7NIT2&utm_medium=online_publisher,San Diego,"https://cdn.getyourguide.com/image/format=auto,fit=cover,gravity=auto,quality=60,width=270,height=180,dpr=2/tour_img/d2531708beaa33ecb254297b638ed6183ac3e9e83c0537f8a5e63c4150a35035.jpg",
Private Group Surf Lesson,https://www.getyourguide.com/san-diego-l263/san-diego-private-group-surf-lesson-at-beach-of-your-choice-t414994/?partner_id=VF7NIT2&utm_medium=online_publisher,San Diego,"https://cdn.getyourguide.com/image/format=auto,fit=cover,gravity=auto,quality=60,width=270,height=180,dpr=2/tour_img/6233be6dbdca2.jpeg",
Beach Cruiser Full-Day Bike Rental,https://www.getyourguide.com/solana-beach-l168291/solana-beach-beach-cruiser-full-day-bike-rental-t439462/?partner_id=VF7NIT2&utm_medium=online_publisher,San Diego,"https://cdn.getyourguide.com/image/format=auto,fit=cover,gravity=auto,quality=60,width=270,height=180,dpr=2/tour_img/63b85c4bf3733.jpeg",
Private Two and a Half Hour San Diego Electric Bike Tour,https://www.getyourguide.com/san-diego-l263/private-two-and-a-half-hour-san-diego-electric-bike-tour-t534633/?partner_id=VF7NIT2&utm_medium=online_publisher,San Diego,"https://cdn.getyourguide.com/image/format=auto,fit=cover,gravity=auto,quality=60,width=270,height=180,dpr=2/tour_img/c503d571ebadcabd.jpeg",
San Diego Torrey Pines Guided Hike and Picnic Private Tour,https://www.getyourguide.com/san-diego-l263/san-diego-torrey-pines-guided-hike-and-picnic-private-tour-t1298658/?partner_id=VF7NIT2&utm_medium=online_publisher,San Diego,"https://cdn.getyourguide.com/image/format=auto,fit=cover,gravity=auto,quality=60,width=270,height=180,dpr=2/tour_img/8d534f1d34cb9badaa90ab7fe9f34376b159998fa13c4703909cbe3e7b995512.png",
San Diego Tours: Chasing Sunsets Private Tour,https://www.getyourguide.com/la-jolla-l1489/san-diego-tours-chasing-sunsets-private-tour-t1298781/?partner_id=VF7NIT2&utm_medium=online_publisher,San Diego,"https://cdn.getyourguide.com/image/format=auto,fit=cover,gravity=auto,quality=60,width=270,height=180,dpr=2/tour_img/c603b951d43bcc1e3cad94004968b0d362b50da0b7231de0972e9481e86ec377.png",
Ocean Beach & Sunset Cliffs Guided Walking Tour,https://www.getyourguide.com/san-diego-l263/san-diego-ocean-beach-sunset-cliffs-guided-walking-tour-t1322215/?partner_id=VF7NIT2&utm_medium=online_publisher,San Diego,"https://cdn.getyourguide.com/image/format=auto,fit=cover,gravity=auto,quality=60,width=270,height=180,dpr=2/tour_img/15234521230a5113eefadf375d0998658fd4b58e5e928887a8939fdd9df6b108.jpg",
San Diego Sunset Cruise on a Classic Wooden Yacht,https://www.getyourguide.com/coronado-l95615/san-diego-sunset-cruise-on-a-classic-wooden-yacht-t1347106/?partner_id=VF7NIT2&utm_medium=online_publisher,San Diego,"https://cdn.getyourguide.com/image/format=auto,fit=cover,gravity=auto,quality=60,width=270,height=180,dpr=2/tour_img/a8ae40550884e6b3845f3cce9a5f5b42f20eac8b539ce7819c0ac093f1a87a4f.jpg",
Private Twilight & Harbor Night Photo Walk,https://www.getyourguide.com/san-diego-l263/kobe-private-twilight-harbor-night-photo-walk-t1341122/?partner_id=VF7NIT2&utm_medium=online_publisher,San Diego,"https://cdn.getyourguide.com/image/format=auto,fit=cover,gravity=auto,quality=60,width=270,height=180,dpr=2/tour_img/bffcded3347636d4d69fadb32c0b0e49d8e2674844fb5d1ecf3c19f8d5db12ed.jpeg",
La Playa Cove Duffy Boat Cruise with Donuts,https://www.getyourguide.com/san-diego-l263/san-diego-la-playa-cove-duffy-boat-cruise-with-donuts-t1234545/?partner_id=VF7NIT2&utm_medium=online_publisher,San Diego,"https://cdn.getyourguide.com/image/format=auto,fit=cover,gravity=auto,quality=60,width=270,height=180,dpr=2/tour_img/7d6b2c5f0f01aa87c7a924c08cd4273cfcdd8cdbb8ed5843dfa5785c03da0420.png",
Private Yacht Charter with Champagne Toast,https://www.getyourguide.com/san-diego-l263/san-diego-private-yacht-charter-with-champagne-toast-t1237355/?partner_id=VF7NIT2&utm_medium=online_publisher,San Diego,"https://cdn.getyourguide.com/image/format=auto,fit=cover,gravity=auto,quality=60,width=270,height=180,dpr=2/tour_img/e4ecd6ca75d79075c1861699a8ed71ff777b4ce85c48fa4419dea2d7868f95db.jpg",
San Diego Downtown Highlights Private Guided Walking Tour,https://www.getyourguide.com/san-diego-l263/san-diego-downtown-highlights-private-guided-walking-tour-t1121437/?partner_id=VF7NIT2&utm_medium=online_publisher,San Diego,"https://cdn.getyourguide.com/image/format=auto,fit=cover,gravity=auto,quality=60,width=270,height=180,dpr=2/tour_img/a69ae735c1b3f6085348b12473b9ae725634a22a346f42477c074281a8606b27.jpg",
Skip-the-line San Diego Museum of Art Private Guided Tour,https://www.getyourguide.com/san-diego-l263/skip-the-line-san-diego-museum-of-art-private-guided-tour-t1121439/?partner_id=VF7NIT2&utm_medium=online_publisher,San Diego,"https://cdn.getyourguide.com/image/format=auto,fit=cover,gravity=auto,quality=60,width=270,height=180,dpr=2/tour_img/4c5d96212351df6636036e53a05bc257de017818ce224175f0346e072f890fd3.jpg",
North County San Diego: Exclusive Outdoor Yoga and Mediation,https://www.getyourguide.com/solana-beach-l168291/north-county-san-diego-exclusive-outdoor-yoga-and-mediation-t1216802/?partner_id=VF7NIT2&utm_medium=online_publisher,San Diego,"https://cdn.getyourguide.com/image/format=auto,fit=cover,gravity=auto,quality=60,width=270,height=180,dpr=2/tour_img/2205d846cee570269586774ceb695e7298ff8d7866ae094646383ba202d3e7f9.jpeg",
Ensenada Pacific Coastline Private Tour,https://www.getyourguide.com/san-diego-l263/san-diego-ensenada-pacific-coastline-private-tour-t1304362/?partner_id=VF7NIT2&utm_medium=online_publisher,San Diego,"https://cdn.getyourguide.com/image/format=auto,fit=cover,gravity=auto,quality=60,width=270,height=180,dpr=2/tour_img/1a4ba48c7ef29461cd931503c2a8b656529c8820253fa4417c03701f50073fea.png",
San Diego Welcome Tour: Private Tour with a Local,https://www.getyourguide.com/san-diego-l263/san-diego-welcome-tour-private-tour-with-a-local-t82722/?partner_id=VF7NIT2&utm_medium=online_publisher,San Diego,"https://cdn.getyourguide.com/image/format=auto,fit=cover,gravity=auto,quality=60,width=270,height=180,dpr=2/tour_img/585457b1187f6.jpeg",
Private Off-Road Jeep Adventure with Guide,https://www.getyourguide.com/san-diego-l263/san-diego-private-off-road-jeep-adventure-with-guide-t1351730/?partner_id=VF7NIT2&utm_medium=online_publisher,San Diego,"https://cdn.getyourguide.com/image/format=auto,fit=cover,gravity=auto,quality=60,width=270,height=180,dpr=2/tour_img/25288e5e5cdbd9a0f1842984334484b5f98bcea32d1c6d551b787db2ae760928.jpg",
La Jolla Sea Cave Kayak Tour,https://www.getyourguide.com/la-jolla-l1489/la-jolla-2-hour-kayak-tour-of-the-7-caves-t217185/?partner_id=VF7NIT2&utm_medium=online_publisher,San Diego,"https://cdn.getyourguide.com/image/format=auto,fit=cover,gravity=auto,quality=60,width=270,height=180,dpr=2/tour_img/6411fd96ecaaa.jpeg",
Hop-on Hop-off Narrated Trolley Tour,https://www.getyourguide.com/san-diego-l263/old-town-san-diego-hop-on-hop-off-narrated-tour-t14283/?partner_id=VF7NIT2&utm_medium=online_publisher,San Diego,"https://cdn.getyourguide.com/image/format=auto,fit=cover,gravity=auto,quality=60,width=270,height=180,dpr=2/tour_img/5ba20b63cf3a6.jpeg",
San Diego Zoo Admission Ticket,https://www.getyourguide.com/san-diego-l263/san-diego-zoo-admission-ticket-t1036039/?partner_id=VF7NIT2&utm_medium=online_publisher,San Diego,"https://cdn.getyourguide.com/image/format=auto,fit=cover,gravity=auto,quality=60,width=270,height=180,dpr=2/tour_img/20959527cfaf39f671316fe4a4b7fb74caf2dbb1adb859ca233e9ee4e21e812f.jpg",
SEAL City Tour by Amphibious Bus,https://www.getyourguide.com/san-diego-l263/90-minute-san-diego-seal-tour-t14286/?partner_id=VF7NIT2&utm_medium=online_publisher,San Diego,"https://cdn.getyourguide.com/image/format=auto,fit=cover,gravity=auto,quality=60,width=270,height=180,dpr=2/tour_img/0a14859f8b8ca827.jpeg",
Hike & Fly Tandem Paragliding Experience,https://www.getyourguide.com/san-diego-l263/san-diego-hike-fly-tandem-paragliding-experience-t1237245/?partner_id=VF7NIT2&utm_medium=online_publisher,San Diego,"https://cdn.getyourguide.com/image/format=auto,fit=cover,gravity=auto,quality=60,width=270,height=180,dpr=2/tour_img/366c3f31fbc4698790301dac234b913d1de8610802f8d1ef6516033f03402e9e.png",
La Jolla Cove Guided Snorkeling Tour,https://www.getyourguide.com/san-diego-l263/san-diego-la-jolla-cove-guided-snorkeling-t606734/?partner_id=VF7NIT2&utm_medium=online_publisher,San Diego,"https://cdn.getyourguide.com/image/format=auto,fit=cover,gravity=auto,quality=60,width=270,height=180,dpr=2/tour_img/cdc90f2cf02884806f4aa4aab6ccec66a89fc8e2a9776b75f3113795bc110915.jpg",
USS Midway Museum Entry Ticket,https://www.getyourguide.com/san-diego-l263/the-uss-midway-museum-t12879/?partner_id=VF7NIT2&utm_medium=online_publisher,San Diego,"https://cdn.getyourguide.com/image/format=auto,fit=cover,gravity=auto,quality=60,width=270,height=180,dpr=2/tour_img/c2a1a12aa4e4b4f5.jpeg",
Museum of Illusions Entry Ticket,https://www.getyourguide.com/san-diego-l263/san-diego-museum-of-illusions-entry-ticket-t1025486/?partner_id=VF7NIT2&utm_medium=online_publisher,San Diego,"https://cdn.getyourguide.com/image/format=auto,fit=cover,gravity=auto,quality=60,width=270,height=180,dpr=2/tour_img/25c7f6dfbf08e454e1336272e87f4aae55acadeea4f02c277423882331d9f31b.jpg",
San Diego Bay Jetski Rental,https://www.getyourguide.com/san-diego-l263/coronado-san-diego-bay-jetski-rental-t598353/?partner_id=VF7NIT2&utm_medium=online_publisher,San Diego,"https://cdn.getyourguide.com/image/format=auto,fit=cover,gravity=auto,quality=60,width=270,height=180,dpr=2/tour_img/e203a97e1190dfda180bcf590a524bc4a073a876224f02614e61dc652279cc53.jpg",
City Lights Night Trolley Tour,https://www.getyourguide.com/san-diego-l263/san-diego-city-lights-night-tour-t303213/?partner_id=VF7NIT2&utm_medium=online_publisher,San Diego,"https://cdn.getyourguide.com/image/format=auto,fit=cover,gravity=auto,quality=60,width=270,height=180,dpr=2/tour_img/30180caa05a710a4.jpeg",
2.5-Hour Kayak and Snorkel Tour,https://www.getyourguide.com/san-diego-l263/la-jolla-25-hour-kayak-and-snorkel-tour-t286965/?partner_id=VF7NIT2&utm_medium=online_publisher,San Diego,"https://cdn.getyourguide.com/image/format=auto,fit=cover,gravity=auto,quality=60,width=270,height=180,dpr=2/tour_img/5d5504dd58229.jpeg",
Embarcadero Waterfront Ghost Walking Tour,https://www.getyourguide.com/san-diego-l263/san-diego-embarcadero-waterfront-ghost-walking-tour-t434270/?partner_id=VF7NIT2&utm_medium=online_publisher,San Diego,"https://cdn.getyourguide.com/image/format=auto,fit=cover,gravity=auto,quality=60,width=270,height=180,dpr=2/tour_img/63769149d7dda.jpeg",
Alpine: Lions Tigers & Bears Animal Sanctuary Guided Visit,https://www.getyourguide.com/alpine-county-l171600/alpine-member-for-a-day-exotic-animal-sanctuary-visit-t445191/?partner_id=VF7NIT2&utm_medium=online_publisher,San Diego,"https://cdn.getyourguide.com/image/format=auto,fit=cover,gravity=auto,quality=60,width=270,height=180,dpr=2/tour_img/644977fdc349a.jpeg",
"Temecula Ghost Tour: Terror, Treachory, & Treason",https://www.getyourguide.com/temecula-l1869/temecula-ghost-tour-terror-treachory-treason-t617031/?partner_id=VF7NIT2&utm_medium=online_publisher,San Diego,"https://cdn.getyourguide.com/image/format=auto,fit=cover,gravity=auto,quality=60,width=270,height=180,dpr=2/tour_img/09d2846495d0eb84f04a0b7797e25543c9474ff3de2bda0fa5426c88c19ddeb9.jpg",
Certified by GetYourGuide,https://www.getyourguide.com/san-diego-l263/san-diego-harbor-cruise-t205905/?partner_id=VF7NIT2&utm_medium=online_publisher,San Diego,"https://cdn.getyourguide.com/image/format=auto,fit=cover,gravity=auto,quality=60,width=270,height=180,dpr=2/tour_img/75e557fe08bb9410.jpeg",
USS Midway Museum Entry + Embarcadero Walking Tour,https://www.getyourguide.com/san-diego-l263/uss-midway-museum-entry-embarcadero-walking-tour-t1113054/?partner_id=VF7NIT2&utm_medium=online_publisher,San Diego,"https://cdn.getyourguide.com/image/format=auto,fit=cover,gravity=auto,quality=60,width=270,height=180,dpr=2/tour_img/909202f85ff3acb37e9b3a0624396941897049a2fab7654b741c93978d503b3a.jpg",
Balboa Park Segway Tour,https://www.getyourguide.com/san-diego-l263/balboa-park-segwayr-tour-t8371/?partner_id=VF7NIT2&utm_medium=online_publisher,San Diego,"https://cdn.getyourguide.com/image/format=auto,fit=cover,gravity=auto,quality=60,width=270,height=180,dpr=2/tour_img/60259b1a9a8ed.jpeg",
Sinister Shadows of San Diego Gaslamp Ghost Tours,https://www.getyourguide.com/san-diego-l263/sinister-shadows-of-san-diego-gaslamp-ghost-tours-t433063/?partner_id=VF7NIT2&utm_medium=online_publisher,San Diego,"https://cdn.getyourguide.com/image/format=auto,fit=cover,gravity=auto,quality=60,width=270,height=180,dpr=2/tour_img/9a6d5c393de400c2e80231a8249470cbff6ff8442e890084af5a8acc98540f42.jpg",
GPS Talking Tour Cars: Downtown & Gaslamp Loop,https://www.getyourguide.com/san-diego-l263/gps-talking-tour-cars-downtown-gaslamp-loop-t9005/?partner_id=VF7NIT2&utm_medium=online_publisher,San Diego,"https://cdn.getyourguide.com/image/format=auto,fit=cover,gravity=auto,quality=60,width=270,height=180,dpr=2/tour_img/ef5329643aa0976db6d143c9d6de91d03233b250d806630e35982b09de1e4357.png",
Taco Tour with Guide and Scenic Views,https://www.getyourguide.com/san-diego-l263/san-diego-taco-tour-with-guide-and-scenic-views-t1038062/?partner_id=VF7NIT2&utm_medium=online_publisher,San Diego,"https://cdn.getyourguide.com/image/format=auto,fit=cover,gravity=auto,quality=60,width=270,height=180,dpr=2/tour_img/4521597752a34e4d2a79d9b1d2d4c65b4ee484400d4b805df58f5b80a4ae5dc4.jpeg",
Luxury Year-round Whale Watching & Dolphin Tour,https://www.getyourguide.com/san-diego-l263/san-diego-luxury-year-round-whale-watching-dolphin-tour-t1027166/?partner_id=VF7NIT2&utm_medium=online_publisher,San Diego,"https://cdn.getyourguide.com/image/format=auto,fit=cover,gravity=auto,quality=60,width=270,height=180,dpr=2/tour_img/f8346cceaaa0c12db316f983cee7f4dfaa76abcc42fe6834bca55d76c1e89321.jpeg",
Ghosts & Gravestones Trolley Tour,https://www.getyourguide.com/san-diego-l263/san-diego-ghosts-gravestones-trolley-tour-t306288/?partner_id=VF7NIT2&utm_medium=online_publisher,San Diego,"https://cdn.getyourguide.com/image/format=auto,fit=cover,gravity=auto,quality=60,width=270,height=180,dpr=2/tour_img/84a6c0b10b0cb44a.jpeg",
Petco Park Stadium Tour - Home of the Padres,https://www.getyourguide.com/san-diego-l263/san-diego-petco-park-padres-stadium-tour-t400321/?partner_id=VF7NIT2&utm_medium=online_publisher,San Diego,"https://cdn.getyourguide.com/image/format=auto,fit=cover,gravity=auto,quality=60,width=270,height=180,dpr=2/tour_img/62f6a493f0b73.jpeg",
Splatter Paint Experience,https://www.getyourguide.com/san-diego-l263/san-diego-splatter-paint-experience-t968893/?partner_id=VF7NIT2&utm_medium=online_publisher,San Diego,"https://cdn.getyourguide.com/image/format=auto,fit=cover,gravity=auto,quality=60,width=270,height=180,dpr=2/tour_img/37eee36942a7b4097e88543b2de0d84afd435f108fb8061a5fb3a0545e5f0378.jpg",
"San Diego Drag Queen Tour: Fun, Sass & City Secret",https://www.getyourguide.com/coronado-l95615/san-diego-drag-queen-tour-fun-sass-city-secret-t1047747/?partner_id=VF7NIT2&utm_medium=online_publisher,San Diego,"https://cdn.getyourguide.com/image/format=auto,fit=cover,gravity=auto,quality=60,width=270,height=180,dpr=2/tour_img/0b6085777e7f88dc70e1e6c30c7cc90755e115f8bf660ff2c493dcc9f91756b3.png",
"""Drink, Ride, Sing, & Dance!"" Bar Tour (4 Bars)",https://www.getyourguide.com/san-diego-l263/san-diego-drink-ride-sing-dance-bar-tour-4-bars-t494259/?partner_id=VF7NIT2&utm_medium=online_publisher,San Diego,"https://cdn.getyourguide.com/image/format=auto,fit=cover,gravity=auto,quality=60,width=270,height=180,dpr=2/tour_img/995e814f5b33cc384f65ee1ac00da6db87af89f8af9e6e81a35f95dfc43d4724.jpg",
SeaWorld Park Admission Ticket,https://www.getyourguide.com/san-diego-l263/san-diego-seaworld-park-admission-ticket-t406754/?partner_id=VF7NIT2&utm_medium=online_publisher,San Diego,"https://cdn.getyourguide.com/image/format=auto,fit=cover,gravity=auto,quality=60,width=270,height=180,dpr=2/tour_img/616f346c807cf.png",
Balboa Park & Bankers Hill Walking Tour,https://www.getyourguide.com/san-diego-l263/san-diego-balboa-park-bankers-hill-walking-tour-t1322235/?partner_id=VF7NIT2&utm_medium=online_publisher,San Diego,"https://cdn.getyourguide.com/image/format=auto,fit=cover,gravity=auto,quality=60,width=270,height=180,dpr=2/tour_img/1b8c3748cbdb18a86f91d2982f65187a2f518319f3d19d18492e6b98f58a299d.jpeg",
San Diego Zoo Safari Park 1-Day Ticket,https://www.getyourguide.com/escondido-l110862/san-diego-zoo-safari-park-1-day-ticket-t1036040/?partner_id=VF7NIT2&utm_medium=online_publisher,San Diego,"https://cdn.getyourguide.com/image/format=auto,fit=cover,gravity=auto,quality=60,width=270,height=180,dpr=2/tour_img/b02a7472ec8df2bfaebf292af814eeb7078a31defbf825d72eef3e9689f61179.jpg",
The Escape Game at Westfield UTC in San Diego,https://www.getyourguide.com/san-diego-l263/the-escape-game-at-westfield-utc-in-san-diego-t1191859/?partner_id=VF7NIT2&utm_medium=online_publisher,San Diego,"https://cdn.getyourguide.com/image/format=auto,fit=cover,gravity=auto,quality=60,width=270,height=180,dpr=2/tour_img/9c3c9152525db6df6fcba02adf17377f00dd09910ee735f85a8b0c5d140ea142.jpg",
Go City All-Inclusive Pass with 40+ Attractions,https://www.getyourguide.com/san-diego-l263/san-diego-go-city-all-inclusive-pass-with-45-attractions-t1059952/?partner_id=VF7NIT2&utm_medium=online_publisher,San Diego,"https://cdn.getyourguide.com/image/format=auto,fit=cover,gravity=auto,quality=60,width=270,height=180,dpr=2/tour_img/4a8ec5d6234b2671ff76586d975e0ed1454b35104014708d810673a445324408.jpg",
Hobie Mirage iTrek Fiesta Rental,https://www.getyourguide.com/san-diego-l263/san-diego-hobie-mirage-itrek-fiesta-rental-t945888/?partner_id=VF7NIT2&utm_medium=online_publisher,San Diego,"https://cdn.getyourguide.com/image/format=auto,fit=cover,gravity=auto,quality=60,width=270,height=180,dpr=2/tour_img/ac6f22a31325846a6a86653c2315cb0f4c80f1752b33c2990174694c333b705f.png",
Downtown Bar Crawl Party Pass,https://www.getyourguide.com/san-diego-l263/san-diego-downtown-bar-crawl-party-pass-t1086492/?partner_id=VF7NIT2&utm_medium=online_publisher,San Diego,"https://cdn.getyourguide.com/image/format=auto,fit=cover,gravity=auto,quality=60,width=270,height=180,dpr=2/tour_img/5cc9b7224c798f5f017577dbdf48b6872706d41a010e767924e1880a1ecb090e.jpg",
Sea Cave Kayaking Tour with Guide,https://www.getyourguide.com/la-jolla-l1489/la-jolla-90-minute-sea-cave-kayaking-tour-with-guide-t189801/?partner_id=VF7NIT2&utm_medium=online_publisher,San Diego,"https://cdn.getyourguide.com/image/format=auto,fit=cover,gravity=auto,quality=60,width=270,height=180,dpr=2/tour_img/5d016b9fd3b04.jpeg",
Classic Yacht Sailing Experience,https://www.getyourguide.com/san-diego-l263/san-diego-day-sail-aboard-a-classic-yacht-t400531/?partner_id=VF7NIT2&utm_medium=online_publisher,San Diego,"https://cdn.getyourguide.com/image/format=auto,fit=cover,gravity=auto,quality=60,width=270,height=180,dpr=2/tour_img/60c2328b980f7.jpeg",
Unlimited Ride & Play Pass at Belmont Park,https://www.getyourguide.com/san-diego-l263/san-diego-belmont-park-ride-play-pass-t408435/?partner_id=VF7NIT2&utm_medium=online_publisher,San Diego,"https://cdn.getyourguide.com/image/format=auto,fit=cover,gravity=auto,quality=60,width=270,height=180,dpr=2/tour_img/7f6d1ada5afcb032270efa513e9b9c2d6530f9afa825a45dcde8070a2180c030.jpg",
Rage Room Experience,https://www.getyourguide.com/san-diego-l263/san-diego-rage-room-experience-t831061/?partner_id=VF7NIT2&utm_medium=online_publisher,San Diego,"https://cdn.getyourguide.com/image/format=auto,fit=cover,gravity=auto,quality=60,width=270,height=180,dpr=2/tour_img/433ac0db90d046694c6f0845cc6b23817d25bf10627d56eef8e930688f296805.png",
San Diego Zoo and Safari Park 2-Day Entry Ticket,https://www.getyourguide.com/san-diego-l263/san-diego-zoo-and-safari-park-2-day-entry-ticket-t1036037/?partner_id=VF7NIT2&utm_medium=online_publisher,San Diego,"https://cdn.getyourguide.com/image/format=auto,fit=cover,gravity=auto,quality=60,width=270,height=180,dpr=2/tour_img/5d5ae991773b9.jpeg",
"Gaslamp Quarter Drink, Mingle & Dance Club Tour",https://www.getyourguide.com/san-diego-l263/san-diego-gaslamp-quarter-drink-mingle-dance-club-tour-t473404/?partner_id=VF7NIT2&utm_medium=online_publisher,San Diego,"https://cdn.getyourguide.com/image/format=auto,fit=cover,gravity=auto,quality=60,width=270,height=180,dpr=2/tour_img/648395133ced2.jpeg",
Crossing Borders: Tijuana Day Trip from San Diego,https://www.getyourguide.com/san-diego-l263/crossing-borders-tijuana-day-trip-from-san-diego-t562559/?partner_id=VF7NIT2&utm_medium=online_publisher,San Diego,"https://cdn.getyourguide.com/image/format=auto,fit=cover,gravity=auto,quality=60,width=270,height=180,dpr=2/tour_img/6c889a64e19d138432a470d7db87465036bb9d3d6a0a6b92073ae54f4a678bc0.jpeg",
The San Diego Tour: 3 Hours of Sightseeing,https://www.getyourguide.com/san-diego-l263/the-san-diego-tour-t45282/?partner_id=VF7NIT2&utm_medium=online_publisher,San Diego,"https://cdn.getyourguide.com/image/format=auto,fit=cover,gravity=auto,quality=60,width=270,height=180,dpr=2/tour_img/5330b03422d48.jpeg",
City and Beaches Guided Highlights Tour,https://www.getyourguide.com/san-diego-l263/san-diego-finest-city-tour-t490316/?partner_id=VF7NIT2&utm_medium=online_publisher,San Diego,"https://cdn.getyourguide.com/image/format=auto,fit=cover,gravity=auto,quality=60,width=270,height=180,dpr=2/tour_img/64c34189333f2.jpeg",
iFLY San Diego-Mission Valley First Time Flyer Experience,https://www.getyourguide.com/san-diego-l263/ifly-san-diego-mission-valley-first-time-flyer-experience-t403201/?partner_id=VF7NIT2&utm_medium=online_publisher,San Diego,"https://cdn.getyourguide.com/image/format=auto,fit=cover,gravity=auto,quality=60,width=270,height=180,dpr=2/tour_img/a3a0d84c90997143.jpeg",
Glass Kayak Tour,https://www.getyourguide.com/san-diego-l263/san-diego-glass-kayak-tour-t1169116/?partner_id=VF7NIT2&utm_medium=online_publisher,San Diego,"https://cdn.getyourguide.com/image/format=auto,fit=cover,gravity=auto,quality=60,width=270,height=180,dpr=2/tour_img/caaf6cd5cae52ddcec7774fe7f5cdf1dec965d9007238a8f42c9d6821367c398.jpg",
Driving Day Tour with GoCar Luxury,https://www.getyourguide.com/san-diego-l263/san-diego-driving-day-tour-with-gocar-luxury-t406187/?partner_id=VF7NIT2&utm_medium=online_publisher,San Diego,"https://cdn.getyourguide.com/image/format=auto,fit=cover,gravity=auto,quality=60,width=270,height=180,dpr=2/tour_img/615dfd799a6ba.png",
Downtown and Gaslamp Loop Scooter Tour,https://www.getyourguide.com/san-diego-l263/san-diego-downtown-and-gaslamp-loop-scooter-tour-t203074/?partner_id=VF7NIT2&utm_medium=online_publisher,San Diego,"https://cdn.getyourguide.com/image/format=auto,fit=cover,gravity=auto,quality=60,width=270,height=180,dpr=2/tour_img/5c2561741a2f6.jpeg",
San Diego Haunted Pub Crawl: True Crime & Ghost Stories,https://www.getyourguide.com/san-diego-l263/san-diego-haunted-pub-crawl-true-crime-ghost-stories-t1156799/?partner_id=VF7NIT2&utm_medium=online_publisher,San Diego,"https://cdn.getyourguide.com/image/format=auto,fit=cover,gravity=auto,quality=60,width=270,height=180,dpr=2/tour_img/153307962c90f2c2421299b2819a149e9edaf0620d8718e63429f1962da26bab.png",
Bennington Luxury Pontoon Rental,https://www.getyourguide.com/san-diego-l263/san-diego-bennington-luxury-pontoon-rental-t945900/?partner_id=VF7NIT2&utm_medium=online_publisher,San Diego,"https://cdn.getyourguide.com/image/format=auto,fit=cover,gravity=auto,quality=60,width=270,height=180,dpr=2/tour_img/13b0b6a6b581decb9c6a5f6cc5f56e3b64721bd95a25292b41123c4fef278b69.jpg",
Eagle Mining Co. Guided Tour,https://www.getyourguide.com/julian-l98799/julian-eagle-mining-co-guided-tour-t1062143/?partner_id=VF7NIT2&utm_medium=online_publisher,San Diego,"https://cdn.getyourguide.com/image/format=auto,fit=cover,gravity=auto,quality=60,width=270,height=180,dpr=2/tour_img/b0a8743127b72a29635ec8d5b51df7d39a075ec5c8fea4b4a4520cc579535777.jpeg",
Coronado Island Electric GoCar Night Tour,https://www.getyourguide.com/san-diego-l263/san-diego-coronado-island-electric-gocar-night-tour-t469566/?partner_id=VF7NIT2&utm_medium=online_publisher,San Diego,"https://cdn.getyourguide.com/image/format=auto,fit=cover,gravity=auto,quality=60,width=270,height=180,dpr=2/tour_img/64781fdd573ee.jpeg",
CityPASS® Save up to 48% at Must-See Attractions,https://www.getyourguide.com/san-diego-l263/san-diego-citypassr-save-up-to-46-at-must-see-attractions-t426099/?partner_id=VF7NIT2&utm_medium=online_publisher,San Diego,"https://cdn.getyourguide.com/image/format=auto,fit=cover,gravity=auto,quality=60,width=270,height=180,dpr=2/tour_img/62cecefc81def.jpeg",
Guided Bike Tour,https://www.getyourguide.com/san-diego-l263/coronado-2-hour-guided-bike-adventure-t239472/?partner_id=VF7NIT2&utm_medium=online_publisher,San Diego,"https://cdn.getyourguide.com/image/format=auto,fit=cover,gravity=auto,quality=60,width=270,height=180,dpr=2/tour_img/5ab5f5143e10e451.jpeg",
Gaslamp Quarter Historic True Crime Walking Tour,https://www.getyourguide.com/san-diego-l263/san-diego-gaslamp-historic-true-crime-walking-tour-t433053/?partner_id=VF7NIT2&utm_medium=online_publisher,San Diego,"https://cdn.getyourguide.com/image/format=auto,fit=cover,gravity=auto,quality=60,width=270,height=180,dpr=2/tour_img/637700d4e07eb.jpeg",
San Diego Natural History Museum Ticket,https://www.getyourguide.com/san-diego-l263/san-diego-san-diego-natural-history-museum-ticket-t45173/?partner_id=VF7NIT2&utm_medium=online_publisher,San Diego,"https://cdn.getyourguide.com/image/format=auto,fit=cover,gravity=auto,quality=60,width=270,height=180,dpr=2/tour_img/fdcf70ddcdec772e7fc46c473f495b32a5f50d78fc7b4692f893bbbdd7fa056b.jpg",
"Downtown, Balboa and Old Town GoCar Tour",https://www.getyourguide.com/san-diego-l263/san-diego-downtown-balboa-and-old-town-gocar-tour-t240617/?partner_id=VF7NIT2&utm_medium=online_publisher,San Diego,"https://cdn.getyourguide.com/image/format=auto,fit=cover,gravity=auto,quality=60,width=270,height=180,dpr=2/tour_img/aea084cc53cc8a0d038a6e04f299c4c68790f872cdc3770fe488d9eb923b28e3.png",
Cali Dreaming Electric Bike Tour of La Jolla & Pacific Beach,https://www.getyourguide.com/la-jolla-l1489/cali-dreaming-electric-bike-tour-of-la-jolla-pacific-beach-t571469/?partner_id=VF7NIT2&utm_medium=online_publisher,San Diego,"https://cdn.getyourguide.com/image/format=auto,fit=cover,gravity=auto,quality=60,width=270,height=180,dpr=2/tour_img/394f78fb6130d53d8e914209bbb9c0be60ca64fd9cbd4071fe3f74fff68a345f.png",
SoCal Riviera Electric Bike Tour of La Jolla & Mount Soledad,https://www.getyourguide.com/la-jolla-l1489/socal-riviera-electric-bike-tour-of-la-jolla-mount-soledad-t617164/?partner_id=VF7NIT2&utm_medium=online_publisher,San Diego,"https://cdn.getyourguide.com/image/format=auto,fit=cover,gravity=auto,quality=60,width=270,height=180,dpr=2/tour_img/210252acdd70a612940e2af71d7f5d912e1125bfdee041c8e9b9f492c3a8cc7b.png",
Must-See Attractions Walking Tour With A Guide,https://www.getyourguide.com/san-diego-l263/san-diego-2-hours-must-see-attractions-private-walking-tour-t688630/?partner_id=VF7NIT2&utm_medium=online_publisher,San Diego,"https://cdn.getyourguide.com/image/format=auto,fit=cover,gravity=auto,quality=60,width=270,height=180,dpr=2/tour_img/2c2f9cc0413e2bdfad4540e1e79819805dca55c11a8e6cb612c6830128662387.jpg",
Holiday Lights and Sights Trolley Tour,https://www.getyourguide.com/san-diego-l263/san-diego-holiday-lights-and-sights-trolley-tour-t405925/?partner_id=VF7NIT2&utm_medium=online_publisher,San Diego,"https://cdn.getyourguide.com/image/format=auto,fit=cover,gravity=auto,quality=60,width=270,height=180,dpr=2/tour_img/6155ca794ab2f.jpeg",
The Escape Game in the Gaslamp Quarter in San Diego,https://www.getyourguide.com/san-diego-l263/the-escape-game-san-diego-60-minute-adventures-t459022/?partner_id=VF7NIT2&utm_medium=online_publisher,San Diego,"https://cdn.getyourguide.com/image/format=auto,fit=cover,gravity=auto,quality=60,width=270,height=180,dpr=2/tour_img/643dc4e2d485d.jpeg",
Maritime Museum of San Diego General Admission Ticket,https://www.getyourguide.com/san-diego-l263/san-diego-maritime-museum-of-san-diego-admission-t402025/?partner_id=VF7NIT2&utm_medium=online_publisher,San Diego,"https://cdn.getyourguide.com/image/format=auto,fit=cover,gravity=auto,quality=60,width=270,height=180,dpr=2/tour_img/4442c34503151c9afea8a11f11c8bf927d82ba675d557c28f33aa67ed4375e51.jpg",
Sesame Place Ticket With Optional SeaWorld Ticket,https://www.getyourguide.com/san-diego-l263/san-diego-sesame-place-ticket-with-optional-seaworld-ticket-t421500/?partner_id=VF7NIT2&utm_medium=online_publisher,San Diego,"https://cdn.getyourguide.com/image/format=auto,fit=cover,gravity=auto,quality=60,width=270,height=180,dpr=2/tour_img/62aa0b0837131.jpeg",
Bike or eBike Rental with map,https://www.getyourguide.com/san-diego-l263/san-diego-bike-rental-t437373/?partner_id=VF7NIT2&utm_medium=online_publisher,San Diego,"https://cdn.getyourguide.com/image/format=auto,fit=cover,gravity=auto,quality=60,width=270,height=180,dpr=2/tour_img/63979f5820d22.jpeg",
San Diego Essentials: 1 Theme Park + 2 Top Attractions,https://www.getyourguide.com/carlsbad-l514/san-diego-go-city-essentials-pass-t1059774/?partner_id=VF7NIT2&utm_medium=online_publisher,San Diego,"https://cdn.getyourguide.com/image/format=auto,fit=cover,gravity=auto,quality=60,width=270,height=180,dpr=2/tour_img/84c7e074142d8991439587509e48041cc1f2992526bbedaa60b88cdb1f78a24b.png",
San Diego Pass Plus: 40+ Attractions - Includes LEGOLAND®,https://www.getyourguide.com/san-diego-l263/san-diego-pass-plus-50-attractions-includes-legolandr-t5679/?partner_id=VF7NIT2&utm_medium=online_publisher,San Diego,"https://cdn.getyourguide.com/image/format=auto,fit=cover,gravity=auto,quality=60,width=270,height=180,dpr=2/tour_img/eb9868543d8b4c5f157fb9696d872138644600619cc46e4293e5c3c7259b6077.jpg",
"Old Town Tales, Tacos, and Tequila Walking Tour",https://www.getyourguide.com/san-diego-l263/old-town-tequila-and-tortillas-t53813/?partner_id=VF7NIT2&utm_medium=online_publisher,San Diego,"https://cdn.getyourguide.com/image/format=auto,fit=cover,gravity=auto,quality=60,width=270,height=180,dpr=2/tour_img/612c701abc7dd.jpeg",
1.5-Hour Surfing Lesson,https://www.getyourguide.com/la-jolla-l1489/la-jolla-15-hour-surfing-lesson-t278877/?partner_id=VF7NIT2&utm_medium=online_publisher,San Diego,"https://cdn.getyourguide.com/image/format=auto,fit=cover,gravity=auto,quality=60,width=270,height=180,dpr=2/tour_img/9b54366174ae1561ed67c19f4da96686df649d7e8fb5de384175e7c1eb0d7a77.jpg",
San Diego Guided E-Bike Tour - Balboa Park & Gaslamp Quarter,https://www.getyourguide.com/san-diego-l263/san-diego-guided-e-bike-tour-balboa-park-gaslamp-quarter-t444079/?partner_id=VF7NIT2&utm_medium=online_publisher,San Diego,"https://cdn.getyourguide.com/image/format=auto,fit=cover,gravity=auto,quality=60,width=270,height=180,dpr=2/tour_img/50cdf2dd029982729f8b5ca44abc88f58aac32d76d4a86444dc58c1d142309bf.jpeg",
Paint and Sip Luxury Picnic Experience,https://www.getyourguide.com/san-diego-l263/san-diego-paint-and-sip-luxury-picnic-experience-t1228137/?partner_id=VF7NIT2&utm_medium=online_publisher,San Diego,"https://cdn.getyourguide.com/image/format=auto,fit=cover,gravity=auto,quality=60,width=270,height=180,dpr=2/tour_img/61b7eece3fd4439856796541f4e24366d679c10086e68ff6a0b87ac249f1ca1e.jpg",
"USS Midway, Old Town San Diego City Tour from Los Angeles",https://www.getyourguide.com/san-diego-l263/uss-midway-old-town-san-diego-city-tour-from-los-angeles-t941892/?partner_id=VF7NIT2&utm_medium=online_publisher,San Diego,"https://cdn.getyourguide.com/image/format=auto,fit=cover,gravity=auto,quality=60,width=270,height=180,dpr=2/tour_img/46b600750f0b592f5ba27f99ebc0d7986288ff696ef537b4f160c70cc76ab7c4.jpg",
Beaches & Bluffs Self-Guided Driving Tour,https://www.getyourguide.com/del-mar-l102351/san-diego-beaches-bluffs-self-guided-driving-tour-t638465/?partner_id=VF7NIT2&utm_medium=online_publisher,San Diego,"https://cdn.getyourguide.com/image/format=auto,fit=cover,gravity=auto,quality=60,width=270,height=180,dpr=2/tour_img/6c91392b8487aec3f207e8d51587849340d73bc4ff4b693e13749a1ced2967b9.jpg",
San Diego Natural History Museum Nighttime Entry Ticket,https://www.getyourguide.com/san-diego-l263/san-diego-natural-history-museum-nighttime-entry-ticket-t624438/?partner_id=VF7NIT2&utm_medium=online_publisher,San Diego,"https://cdn.getyourguide.com/image/format=auto,fit=cover,gravity=auto,quality=60,width=270,height=180,dpr=2/tour_img/b4a34d1310d3ad13fbd056a6ce7d32eb87d31cb63860999057b3dcea82ac7638.jpg",
The La Jolla Tour,https://www.getyourguide.com/san-diego-l263/the-la-jolla-tour-t84990/?partner_id=VF7NIT2&utm_medium=online_publisher,San Diego,"https://cdn.getyourguide.com/image/format=auto,fit=cover,gravity=auto,quality=60,width=270,height=180,dpr=2/tour_img/6025953d043c6.jpeg",
San Diego Walking Tour: Balboa Park with a Local Guide,https://www.getyourguide.com/san-diego-l263/san-diego-walking-tour-balboa-park-with-a-local-guide-t82182/?partner_id=VF7NIT2&utm_medium=online_publisher,San Diego,"https://cdn.getyourguide.com/image/format=auto,fit=cover,gravity=auto,quality=60,width=270,height=180,dpr=2/tour_img/612c67e3cfce9.jpeg",
2024 Crystal Clear Kayak Rental,https://www.getyourguide.com/san-diego-l263/san-diego-2024-crystal-clear-kayak-rental-t945892/?partner_id=VF7NIT2&utm_medium=online_publisher,San Diego,"https://cdn.getyourguide.com/image/format=auto,fit=cover,gravity=auto,quality=60,width=270,height=180,dpr=2/tour_img/b3f9bbc85a1b25c39b65833b814454a7d95e778742ed1e477e9427fe43110abf.png",
Alpine: Lions Tigers & Bears Sanctuary Visit and Feeding,https://www.getyourguide.com/alpine-county-l171600/alpine-lions-tigers-and-bears-sanctuary-feeding-experience-t445262/?partner_id=VF7NIT2&utm_medium=online_publisher,San Diego,"https://cdn.getyourguide.com/image/format=auto,fit=cover,gravity=auto,quality=60,width=270,height=180,dpr=2/tour_img/644991b009172.jpeg",
San Diego GoCar Tour: Early Bird Special,https://www.getyourguide.com/san-diego-l263/san-diego-gocar-tour-early-bird-special-t149153/?partner_id=VF7NIT2&utm_medium=online_publisher,San Diego,"https://cdn.getyourguide.com/image/format=auto,fit=cover,gravity=auto,quality=60,width=270,height=180,dpr=2/tour_img/dcc7f9d9e91593178bb1f44b79451dbe425bcea74465264094dc08653547887c.png",
San Diego Explorer Pass: Tickets to 2-7 Attractions,https://www.getyourguide.com/san-diego-l263/san-diego-explorer-pass-tickets-to-2-7-attractions-t388655/?partner_id=VF7NIT2&utm_medium=online_publisher,San Diego,"https://cdn.getyourguide.com/image/format=auto,fit=cover,gravity=auto,quality=60,width=270,height=180,dpr=2/tour_img/85cee059e3926242ec19236db9de453d5152c17ae54ccd9ceff716d1ce5043ec.jpg",
Whaley House Museum Self-Guided Tour,https://www.getyourguide.com/san-diego-l263/whaley-house-museum-self-guided-tour-t408439/?partner_id=VF7NIT2&utm_medium=online_publisher,San Diego,"https://cdn.getyourguide.com/image/format=auto,fit=cover,gravity=auto,quality=60,width=270,height=180,dpr=2/tour_img/619d454e16cb9.jpeg",
Half Day Performance eBike Rental,https://www.getyourguide.com/la-jolla-l1489/half-day-performance-ebike-rental-t688371/?partner_id=VF7NIT2&utm_medium=online_publisher,San Diego,"https://cdn.getyourguide.com/image/format=auto,fit=cover,gravity=auto,quality=60,width=270,height=180,dpr=2/tour_img/c61dfc0ae5e28586987c816e9146dca87377c98fec01a5ca53b72bff829718dd.png",
All-Inclusive Pass Plus with Universal Studios,https://www.getyourguide.com/los-angeles-l179/los-angeles-all-inclusive-pass-plus-with-universal-studios-t5625/?partner_id=VF7NIT2&utm_medium=online_publisher,San Diego,"https://cdn.getyourguide.com/image/format=auto,fit=cover,gravity=auto,quality=60,width=270,height=180,dpr=2/tour_img/cb37dc5fccfd36e6ac8d6c847609700a0bd591cea1f8ea9a512c464b7e72686e.jpg",
Self-Guided Scooter Tour of Downtown & Old Town,https://www.getyourguide.com/san-diego-l263/san-diego-self-guided-scooter-tour-of-downtown-old-town-t203080/?partner_id=VF7NIT2&utm_medium=online_publisher,San Diego,"https://cdn.getyourguide.com/image/format=auto,fit=cover,gravity=auto,quality=60,width=270,height=180,dpr=2/tour_img/605717a1d4ee1.jpeg",
The San Diego Highlights Tour,https://www.getyourguide.com/san-diego-l263/the-san-diego-highlights-tour-t105964/?partner_id=VF7NIT2&utm_medium=online_publisher,San Diego,"https://cdn.getyourguide.com/image/format=auto,fit=cover,gravity=auto,quality=60,width=270,height=180,dpr=2/tour_img/5915ea446aa48.jpeg",
San Diego Beach Yoga Experience,https://www.getyourguide.com/la-jolla-l1489/san-diego-beach-yoga-experience-t1190746/?partner_id=VF7NIT2&utm_medium=online_publisher,San Diego,"https://cdn.getyourguide.com/image/format=auto,fit=cover,gravity=auto,quality=60,width=270,height=180,dpr=2/tour_img/3b4700d7bbe6b10c7513e66f686ae27c1ecba6a876e367bad58d5f454456fbf2.jpg",
Coronado Guided Kayak Tour 90-Min,https://www.getyourguide.com/coronado-l95615/coronado-guided-kayak-tour-90-min-t636014/?partner_id=VF7NIT2&utm_medium=online_publisher,San Diego,"https://cdn.getyourguide.com/image/format=auto,fit=cover,gravity=auto,quality=60,width=270,height=180,dpr=2/tour_img/f32bbaabcde83698ed4c6f7084278843df17df7776343b23c1b11441740b716d.jpg",
"Pies & Pickaxes: A Historic Walking Tour of Julian, CA",https://www.getyourguide.com/julian-l98799/pies-pickaxes-a-walking-tour-of-julian-t602801/?partner_id=VF7NIT2&utm_medium=online_publisher,San Diego,"https://cdn.getyourguide.com/image/format=auto,fit=cover,gravity=auto,quality=60,width=270,height=180,dpr=2/tour_img/992c149704080da62e74d6c4459515f7b5162bb80558983a218b77de62826aca.jpg",
Downtown & Balboa Park GPS Talking Car Tour,https://www.getyourguide.com/san-diego-l263/san-diego-gps-talking-tour-car-in-downtown-balboa-park-t149150/?partner_id=VF7NIT2&utm_medium=online_publisher,San Diego,"https://cdn.getyourguide.com/image/format=auto,fit=cover,gravity=auto,quality=60,width=270,height=180,dpr=2/tour_img/34f11d38f1c2c5e37790569097f0ed22fcd26d594980886b138c8d27ca6d8583.png",
E-Bike Tour to Torrey Pines or North Coast,https://www.getyourguide.com/solana-beach-l168291/solana-beach-e-bike-tour-to-torrey-pines-or-north-coast-t436111/?partner_id=VF7NIT2&utm_medium=online_publisher,San Diego,"https://cdn.getyourguide.com/image/format=auto,fit=cover,gravity=auto,quality=60,width=270,height=180,dpr=2/tour_img/6389236429ff4.jpeg",
Old Town Ghost-Themed Walking Tour,https://www.getyourguide.com/san-diego-l263/san-diego-ghosts-of-san-diego-walking-tour-t400227/?partner_id=VF7NIT2&utm_medium=online_publisher,San Diego,"https://cdn.getyourguide.com/image/format=auto,fit=cover,gravity=auto,quality=60,width=270,height=180,dpr=2/tour_img/60ba2bb29867f.png",
Stand Up Paddle Board Rental,https://www.getyourguide.com/la-jolla-l1489/la-jolla-sup-equipment-rental-t382708/?partner_id=VF7NIT2&utm_medium=online_publisher,San Diego,"https://cdn.getyourguide.com/image/format=auto,fit=cover,gravity=auto,quality=60,width=270,height=180,dpr=2/tour_img/5e62dc092c5d5.jpeg",
2-Hour Surf Lesson with Instructor,https://www.getyourguide.com/carlsbad-l514/oceanside-2-hour-surf-lesson-with-instructor-t1021156/?partner_id=VF7NIT2&utm_medium=online_publisher,San Diego,"https://cdn.getyourguide.com/image/format=auto,fit=cover,gravity=auto,quality=60,width=270,height=180,dpr=2/tour_img/19cdd5f3e538d150aed8be152f4fb98a5844b93dafc2a6ea69265fc150bc8ede.jpg",
Segway Tour of the Gaslamp District,https://www.getyourguide.com/san-diego-l263/the-gaslamp-segwayr-tour-of-san-diego-t8369/?partner_id=VF7NIT2&utm_medium=online_publisher,San Diego,"https://cdn.getyourguide.com/image/format=auto,fit=cover,gravity=auto,quality=60,width=270,height=180,dpr=2/tour_img/601099b6559bf.jpeg",
La Jolla Guided E-Bike Tour,https://www.getyourguide.com/la-jolla-l1489/la-jolla-guided-e-bike-tour-t413887/?partner_id=VF7NIT2&utm_medium=online_publisher,San Diego,"https://cdn.getyourguide.com/image/format=auto,fit=cover,gravity=auto,quality=60,width=270,height=180,dpr=2/tour_img/11df275d2dc6df8c.jpeg",
The San Diego City & Bay Segway Tour,https://www.getyourguide.com/san-diego-l263/the-san-diego-city-bay-segway-tour-t8381/?partner_id=VF7NIT2&utm_medium=online_publisher,San Diego,"https://cdn.getyourguide.com/image/format=auto,fit=cover,gravity=auto,quality=60,width=270,height=180,dpr=2/tour_img/598353815a97b.jpeg",
Self-Guided Scooter Tour of Downtown & Balboa,https://www.getyourguide.com/san-diego-l263/san-diego-self-guided-scooter-tour-of-downtown-balboa-t203077/?partner_id=VF7NIT2&utm_medium=online_publisher,San Diego,"https://cdn.getyourguide.com/image/format=auto,fit=cover,gravity=auto,quality=60,width=270,height=180,dpr=2/tour_img/5c256633f1825.jpeg",
Electric Bike Rental with 5-Level Pedal Assist,https://www.getyourguide.com/solana-beach-l168291/solana-beach-electric-bike-rental-with-5-level-pedal-assist-t436395/?partner_id=VF7NIT2&utm_medium=online_publisher,San Diego,"https://cdn.getyourguide.com/image/format=auto,fit=cover,gravity=auto,quality=60,width=270,height=180,dpr=2/tour_img/638a18b608c72.jpeg",
GPS Talking Tour Cars: San Diego Full Day Tour,https://www.getyourguide.com/san-diego-l263/gps-talking-tour-cars-san-diego-full-day-tour-t9017/?partner_id=VF7NIT2&utm_medium=online_publisher,San Diego,"https://cdn.getyourguide.com/image/format=auto,fit=cover,gravity=auto,quality=60,width=270,height=180,dpr=2/tour_img/e09c1f27a38e042dde4c1d264505d57d05a1a30ac6a91723b013bcab862e6c4d.png",
Point Loma GPS Self-Guided Tour by Vandherall,https://www.getyourguide.com/san-diego-l263/san-diego-luxury-gps-self-guided-tour-by-vandherall-t406198/?partner_id=VF7NIT2&utm_medium=online_publisher,San Diego,"https://cdn.getyourguide.com/image/format=auto,fit=cover,gravity=auto,quality=60,width=270,height=180,dpr=2/tour_img/615e10b677796.png",
Self-Guided E-Bike Tour,https://www.getyourguide.com/san-diego-l263/san-diego-self-guided-e-bike-tour-t409071/?partner_id=VF7NIT2&utm_medium=online_publisher,San Diego,"https://cdn.getyourguide.com/image/format=auto,fit=cover,gravity=auto,quality=60,width=270,height=180,dpr=2/tour_img/61b38dd7f399a.jpeg",
Los Angeles Essentials Pass: Visit 3 Top Attractions,https://www.getyourguide.com/los-angeles-l179/los-angeles-essentials-pass-visit-3-top-attractions-t1283654/?partner_id=VF7NIT2&utm_medium=online_publisher,San Diego,"https://cdn.getyourguide.com/image/format=auto,fit=cover,gravity=auto,quality=60,width=270,height=180,dpr=2/tour_img/262297175d44957d7b737aaf0753d3e49413df38e48f2d74c857dcd5a16c9404.png",
Dinos Alive Immersive Experience Entry Ticket San Diego,https://www.getyourguide.com/san-diego-l263/dinos-alive-immersive-experience-entry-ticket-san-diego-t1340891/?partner_id=VF7NIT2&utm_medium=online_publisher,San Diego,"https://cdn.getyourguide.com/image/format=auto,fit=cover,gravity=auto,quality=60,width=270,height=180,dpr=2/tour_img/93020fcc915f6ae11cf161f3258180daa2e2868a040156edb451bd90f0a75ae2.png",
Elliptical Paddle Board Rental,https://www.getyourguide.com/san-diego-l263/san-diego-elliptical-paddle-board-rental-t945879/?partner_id=VF7NIT2&utm_medium=online_publisher,San Diego,"https://cdn.getyourguide.com/image/format=auto,fit=cover,gravity=auto,quality=60,width=270,height=180,dpr=2/tour_img/a5fa03f670d2cffebce604a81c1de3f598114879ba6a58d9ecd4f3395f685050.jpg",
Point Loma Electric GoCar Rental Tour,https://www.getyourguide.com/san-diego-l263/san-diego-point-loma-electric-gocar-rental-tour-t406624/?partner_id=VF7NIT2&utm_medium=online_publisher,San Diego,"https://cdn.getyourguide.com/image/format=auto,fit=cover,gravity=auto,quality=60,width=270,height=180,dpr=2/tour_img/62212aea64171.jpeg",
Julian Gold Mine Tour with Pie,https://www.getyourguide.com/san-diego-l263/san-diego-julian-gold-mine-tour-with-pie-t932214/?partner_id=VF7NIT2&utm_medium=online_publisher,San Diego,"https://cdn.getyourguide.com/image/format=auto,fit=cover,gravity=auto,quality=60,width=270,height=180,dpr=2/tour_img/f60345915d2734d4bc056026856f6d8edd8dabec51a9a59bb0e2c909683a167d.jpeg",
La Jolla Guided E-Bike Tour to Mount Soledad,https://www.getyourguide.com/la-jolla-l1489/la-jolla-san-diego-guided-e-bike-tour-to-mount-soledad-t413882/?partner_id=VF7NIT2&utm_medium=online_publisher,San Diego,"https://cdn.getyourguide.com/image/format=auto,fit=cover,gravity=auto,quality=60,width=270,height=180,dpr=2/tour_img/60d8103cbdc31478.jpeg",
Downtown Electric GoCar Rental,https://www.getyourguide.com/san-diego-l263/san-diego-downtown-electric-gocar-rental-tour-t406570/?partner_id=VF7NIT2&utm_medium=online_publisher,San Diego,"https://cdn.getyourguide.com/image/format=auto,fit=cover,gravity=auto,quality=60,width=270,height=180,dpr=2/tour_img/622150cd8b61b.jpeg",
Urban Adventure Quest: 3-Hour Interactive Tour in San Diego,https://www.getyourguide.com/san-diego-l263/urban-adventure-quest-in-san-diego-t17401/?partner_id=VF7NIT2&utm_medium=online_publisher,San Diego,"https://cdn.getyourguide.com/image/format=auto,fit=cover,gravity=auto,quality=60,width=270,height=180,dpr=2/tour_img/6057187cef8e7.jpeg",
2-Hour Guided Segway Tour,https://www.getyourguide.com/la-jolla-l1489/2-hour-guided-segway-tour-in-la-jolla-t8377/?partner_id=VF7NIT2&utm_medium=online_publisher,San Diego,"https://cdn.getyourguide.com/image/format=auto,fit=cover,gravity=auto,quality=60,width=270,height=180,dpr=2/tour_img/a29e8b0725d11fb4.jpeg",
Blue Whale Watching Expedition,https://www.getyourguide.com/san-diego-l263/san-diego-blue-whale-watching-expedition-t1154953/?partner_id=VF7NIT2&utm_medium=online_publisher,San Diego,"https://cdn.getyourguide.com/image/format=auto,fit=cover,gravity=auto,quality=60,width=270,height=180,dpr=2/tour_img/6bc6f332b011ecefdc29ed09bb35f1ff3035b9d547c410c2fd41fa26aa09b8b0.jpg",
Axe and Knife Throwing Experience,https://www.getyourguide.com/san-diego-l263/san-diego-axe-and-knife-throwing-experience-t968923/?partner_id=VF7NIT2&utm_medium=online_publisher,San Diego,"https://cdn.getyourguide.com/image/format=auto,fit=cover,gravity=auto,quality=60,width=270,height=180,dpr=2/tour_img/2cdf87784d09abdc50d9b057402233e96fa0b608b089793097c394fc6c5b6474.jpeg",
Full Day Surf Board Rental,https://www.getyourguide.com/encinitas-l110867/solana-beach-full-day-surf-board-rental-t409269/?partner_id=VF7NIT2&utm_medium=online_publisher,San Diego,"https://cdn.getyourguide.com/image/format=auto,fit=cover,gravity=auto,quality=60,width=270,height=180,dpr=2/tour_img/61b1074c830ef.jpeg",
La Jolla - The Jewel of San Diego - Guided Walking Tour,https://www.getyourguide.com/la-jolla-l1489/la-jolla-the-jewel-of-san-diego-guided-walking-tour-t1152508/?partner_id=VF7NIT2&utm_medium=online_publisher,San Diego,"https://cdn.getyourguide.com/image/format=auto,fit=cover,gravity=auto,quality=60,width=270,height=180,dpr=2/tour_img/91aad92231b5abda712cd7ab3246fc8f21d09e11986d198878b1d12ce572a869.jpeg",
3-Hour Guided Beach Horseback Ride,https://www.getyourguide.com/san-diego-l263/san-diego-3-hour-guided-beach-horseback-ride-t1337991/?partner_id=VF7NIT2&utm_medium=online_publisher,San Diego,"https://cdn.getyourguide.com/image/format=auto,fit=cover,gravity=auto,quality=60,width=270,height=180,dpr=2/tour_img/f1190832ad7372138178aa602add0617cb39aa947b192a4f04219ec6728e3682.jpg",
GPS Talking Tour Cars: Downtown & Old Town,https://www.getyourguide.com/san-diego-l263/gps-talking-tour-cars-downtown-park-zoo-old-town-t9009/?partner_id=VF7NIT2&utm_medium=online_publisher,San Diego,"https://cdn.getyourguide.com/image/format=auto,fit=cover,gravity=auto,quality=60,width=270,height=180,dpr=2/tour_img/cda20b135c68780b8025a9431d236fbb856174403cc99c1966c0b07a15e45e77.png",
Luxury GPS Talking Tour Car: Balboa & Downtown,https://www.getyourguide.com/san-diego-l263/luxury-gps-talking-tour-car-balboa-downtown-t406130/?partner_id=VF7NIT2&utm_medium=online_publisher,San Diego,"https://cdn.getyourguide.com/image/format=auto,fit=cover,gravity=auto,quality=60,width=270,height=180,dpr=2/tour_img/615c9b15ae085.png",
Surf Coaching Experience With a Local Pro Surfer,https://www.getyourguide.com/san-diego-l263/san-diego-surf-coaching-tour-with-a-local-pro-surfer-t1125215/?partner_id=VF7NIT2&utm_medium=online_publisher,San Diego,"https://cdn.getyourguide.com/image/format=auto,fit=cover,gravity=auto,quality=60,width=270,height=180,dpr=2/tour_img/e5fe3ba9bda37e13340f2c04673442d2c5bfa00023759815cfef334c431885bc.png",
The San Diego Ultimate Tour Experience,https://www.getyourguide.com/san-diego-l263/the-san-diego-ultimate-tour-experience-t1125893/?partner_id=VF7NIT2&utm_medium=online_publisher,San Diego,"https://cdn.getyourguide.com/image/format=auto,fit=cover,gravity=auto,quality=60,width=270,height=180,dpr=2/tour_img/49584d376f5c745e4e0b95cc7b78900105ba6eafb98018201ebbff2ac3c879dd.jpg",
Tandem Paragliding & Pilot Intro Training Day,https://www.getyourguide.com/san-diego-l263/san-diego-tandem-paragliding-pilot-intro-training-day-t1237273/?partner_id=VF7NIT2&utm_medium=online_publisher,San Diego,"https://cdn.getyourguide.com/image/format=auto,fit=cover,gravity=auto,quality=60,width=270,height=180,dpr=2/tour_img/fb3e62948f1080a6836818a19570fb6f3f205489a47865489816613db26b77cb.png",
Baja Inspired Luxury Picnic Experience by the Bay,https://www.getyourguide.com/san-diego-l263/san-diego-baja-inspired-luxury-picnic-experience-by-the-bay-t1271661/?partner_id=VF7NIT2&utm_medium=online_publisher,San Diego,"https://cdn.getyourguide.com/image/format=auto,fit=cover,gravity=auto,quality=60,width=270,height=180,dpr=2/tour_img/d121dc4cf54c705dd7052c46b9a0b20ecb6f5a6274a2aa60f552c8ba5c68cecd.png",
Self-guided Bike Tour App - Audio + Written,https://www.getyourguide.com/san-diego-l263/san-diego-self-guided-bike-tour-app-audio-written-t628926/?partner_id=VF7NIT2&utm_medium=online_publisher,San Diego,"https://cdn.getyourguide.com/image/format=auto,fit=cover,gravity=auto,quality=60,width=270,height=180,dpr=2/tour_img/0a2a91766379c4f5bf2b06a09beb751991185e2cba7309905cc1580d7a8bd9c9.png",
Scenic Horseback Ride Through Nature Trails,https://www.getyourguide.com/san-diego-l263/san-diego-scenic-horseback-ride-through-nature-trails-t1340700/?partner_id=VF7NIT2&utm_medium=online_publisher,San Diego,"https://cdn.getyourguide.com/image/format=auto,fit=cover,gravity=auto,quality=60,width=270,height=180,dpr=2/tour_img/0bc20fc10874a1db66a853fbd6bf54b8746520d7a8d65414ed8f1ec15865508c.jpg",
Coronado Island Segway Tour,https://www.getyourguide.com/san-diego-l263/coronado-segwayr-tour-from-san-diego-t8375/?partner_id=VF7NIT2&utm_medium=online_publisher,San Diego,"https://cdn.getyourguide.com/image/format=auto,fit=cover,gravity=auto,quality=60,width=270,height=180,dpr=2/tour_img/4d093f959a258.png",
Hillcrest Drag Queen 5 Bar Crawl with Shots,https://www.getyourguide.com/san-diego-l263/san-diego-hillcrest-drag-queen-5-bar-crawl-with-shots-t1061127/?partner_id=VF7NIT2&utm_medium=online_publisher,San Diego,"https://cdn.getyourguide.com/image/format=auto,fit=cover,gravity=auto,quality=60,width=270,height=180,dpr=2/tour_img/ecf035fb319853a33e2d803d193121eb093c670fa5cd5e909c8e284001419a93.jpeg",
Fly Over Water: San Diego Lift5 eFoil Lesson Video package,https://www.getyourguide.com/san-diego-l263/fly-over-water-lift5-efoil-lesson-with-videography-t998026/?partner_id=VF7NIT2&utm_medium=online_publisher,San Diego,"https://cdn.getyourguide.com/image/format=auto,fit=cover,gravity=auto,quality=60,width=270,height=180,dpr=2/tour_img/4024d32d780b9e64b367721cca3046f784643695b4cc19b5b6ccf276e5f172ca.jpeg",
Shared Yacht Charter with Coastal Views,https://www.getyourguide.com/san-diego-l263/san-diego-shared-yacht-charter-with-coastal-views-t1237367/?partner_id=VF7NIT2&utm_medium=online_publisher,San Diego,"https://cdn.getyourguide.com/image/format=auto,fit=cover,gravity=auto,quality=60,width=270,height=180,dpr=2/tour_img/96033279603693279d81f9d00771934a1b5e688eec61fc7a9b65f9e2ea9207f1.jpg",
Orange County to San Diego: Guided Day Trip,https://www.getyourguide.com/san-diego-l263/orange-county-to-san-diego-guided-day-trip-t1107087/?partner_id=VF7NIT2&utm_medium=online_publisher,San Diego,"https://cdn.getyourguide.com/image/format=auto,fit=cover,gravity=auto,quality=60,width=270,height=180,dpr=2/tour_img/6784f38e943b5ee81e06c284c75f410b686f9acf85c2cdbb471a065270f19bd0.jpg",
Guided Natural History Walk,https://www.getyourguide.com/san-diego-l263/san-diego-guided-natural-history-walk-t1133641/?partner_id=VF7NIT2&utm_medium=online_publisher,San Diego,"https://cdn.getyourguide.com/image/format=auto,fit=cover,gravity=auto,quality=60,width=270,height=180,dpr=2/tour_img/00143e5ce973e733348854598d77e8fda156fc24d7a3185964a0dc63a69e0f78.jpg",
Old Town San Diego Daytime History Walk,https://www.getyourguide.com/san-diego-l263/old-town-san-diego-daytime-history-walk-t478764/?partner_id=VF7NIT2&utm_medium=online_publisher,San Diego,"https://cdn.getyourguide.com/image/format=auto,fit=cover,gravity=auto,quality=60,width=270,height=180,dpr=2/tour_img/6495e3bbb33b9.jpeg",
Haunted History & Paranormal Tour Go: Old Town,https://www.getyourguide.com/san-diego-l263/haunted-history-paranormal-tour-go-old-town-t478678/?partner_id=VF7NIT2&utm_medium=online_publisher,San Diego,"https://cdn.getyourguide.com/image/format=auto,fit=cover,gravity=auto,quality=60,width=270,height=180,dpr=2/tour_img/64936646529ed.jpeg",
Open-Top Car Rental with GPS Audio Guided Route,https://www.getyourguide.com/san-diego-l263/san-diego-city-lights-tour-night-owl-special-t473063/?partner_id=VF7NIT2&utm_medium=online_publisher,San Diego,"https://cdn.getyourguide.com/image/format=auto,fit=cover,gravity=auto,quality=60,width=270,height=180,dpr=2/tour_img/6488b8a9135df.jpeg",
Guided Meditation and Mountain Hike Tour,https://www.getyourguide.com/san-diego-l263/san-diego-guided-meditation-and-mountain-hike-tour-t995743/?partner_id=VF7NIT2&utm_medium=online_publisher,San Diego,"https://cdn.getyourguide.com/image/format=auto,fit=cover,gravity=auto,quality=60,width=270,height=180,dpr=2/tour_img/b7de11725ec93b7565e124e54a34588c6fc7afb851a3cd0ee3a5340ec93e7f16.jpeg",
Old Town Haunted Walking Tour INSIDE Heritage Park,https://www.getyourguide.com/san-diego-l263/old-town-haunted-walking-tour-inside-heritage-park-t479621/?partner_id=VF7NIT2&utm_medium=online_publisher,San Diego,"https://cdn.getyourguide.com/image/format=auto,fit=cover,gravity=auto,quality=60,width=270,height=180,dpr=2/tour_img/6495fea8b095d.jpeg",
San Diego Zoo Ticket and Guided Tour Package,https://www.getyourguide.com/san-diego-l263/san-diego-zoo-ticket-and-guided-tour-package-t1358260/?partner_id=VF7NIT2&utm_medium=online_publisher,San Diego,"https://cdn.getyourguide.com/image/format=auto,fit=cover,gravity=auto,quality=60,width=270,height=180,dpr=2/tour_img/caebae1012e08a2913d959cabe589780c3a2644e593d09efc74e64cc7eb17b79.jpeg",
San Diego Luggage Storage In Pacific Beach,https://www.getyourguide.com/san-diego-l263/san-diego-luggage-storage-in-pacific-beach-t599873/?partner_id=VF7NIT2&utm_medium=online_publisher,San Diego,,
