title,url,city,image_url
London Heathrow Airport/LHR international airport VIP lounge pass VIP lounge international departure waiting transit rest dining,https://www.trip.com/things-to-do/detail/107501890/?Allianceid=8675451&SID=319479553,London,https://ak-d.tripcdn.com/images/0350u12000sc91b0qFA99_C_568_320.jpg_.webp?_fr=wc
"Thames River Sightseeing Cruise in London, UK + Boat Ticket + Lunch",https://www.trip.com/things-to-do/detail/62102950/?Allianceid=8675451&SID=319479553,London,https://ak-d.tripcdn.com/images//0580612000n0uu7rk17CE_C_568_320.jpg_.webp?_fr=wc
"The Lion King musical performance experience at Lyceum Theatre in London, United Kingdom",https://www.trip.com/things-to-do/detail/61782804/?Allianceid=8675451&SID=319479553,London,https://ak-d.tripcdn.com/images//0581612000n0vrqtf37CE_C_568_320.jpg_.webp?_fr=wc
London Food Experience: AVORA New World Cocktails [3 Cocktails/Movie Scenes/Live Interaction],https://www.trip.com/things-to-do/detail/92347535/?Allianceid=8675451&SID=319479553,London,https://ak-d.tripcdn.com/images//0586o12000n3jn3uo1F1A_C_568_320.jpg_.webp?_fr=wc
London Food Experience: Unlimited All-You-Can-Eat Buffet at INAMO in West End Soho/Covent Garden [Conditional Refund/Self-Service Ordering for Introverts/Sushi & Sashimi],https://www.trip.com/things-to-do/detail/92350460/?Allianceid=8675451&SID=319479553,London,https://ak-d.tripcdn.com/images//0587312000n3knbrs1EC7_C_568_320.jpg_.webp?_fr=wc
Hard Rock Cafe Piccadilly Circus with Set Menu for Lunch or Dinner,https://www.trip.com/things-to-do/detail/38759061/?Allianceid=8675451&SID=319479553,London,https://ak-d.tripcdn.com/images//0584z12000qyz7rt467D3_C_568_320.jpg_.webp?_fr=wc
Plaza premium lounge service at London Heathrow Airport,https://www.trip.com/things-to-do/detail/105527489/?Allianceid=8675451&SID=319479553,London,https://ak-d.tripcdn.com/images/0352412000s2tg1wt7429_C_568_320.jpg_.webp?_fr=wc
"Thames River Sightseeing Cruise in London, UK + Boat Ticket + Dinner + Show",https://www.trip.com/things-to-do/detail/62113580/?Allianceid=8675451&SID=319479553,London,https://ak-d.tripcdn.com/images//0580e12000nor2fu11F69_C_568_320.jpg_.webp?_fr=wc
Explore Lacock and Bath with Lunch and a Choice of Windsor Castle or Stonehenge - Full Day Tour,https://www.trip.com/things-to-do/detail/100373759/?Allianceid=8675451&SID=319479553,London,https://ak-d.tripcdn.com/images//0584c12000q1p6ep7CA9D_C_568_320.jpg_.webp?_fr=wc
The Regent's Park + Wembley Stadium + Borough Market + The Sherlock Holmes Museum,https://www.trip.com/things-to-do/detail/69719698/?Allianceid=8675451&SID=319479553,London,https://ak-d.tripcdn.com/images/100j1f000001gprriCECA_C_568_320.jpg_.webp?_fr=wc
Les Miserables London performance experience at Queen's Theatre,https://www.trip.com/things-to-do/detail/61775370/?Allianceid=8675451&SID=319479553,London,https://ak-d.tripcdn.com/images//0580112000ot4t2tm60D1_C_568_320.jpg_.webp?_fr=wc
From London: Full-day Cotswolds Tour with Optional Lunch,https://www.trip.com/things-to-do/detail/106260464/?Allianceid=8675451&SID=319479553,London,https://ak-d.tripcdn.com/images//0585u12000o7tpjnl9F56_C_568_320.jpg_.webp?_fr=wc
Cotswolds Day Trip from London with Optional Village Lunch,https://www.trip.com/things-to-do/detail/106958567/?Allianceid=8675451&SID=319479553,London,https://ak-d.tripcdn.com/images//0580412000nqbg0gsE244_C_568_320.jpg_.webp?_fr=wc
Bustronome London panoramic glass double-decker sightseeing bus restaurant with British cuisine lunch/dinner options,https://www.trip.com/things-to-do/detail/60115710/?Allianceid=8675451&SID=319479553,London,https://ak-d.tripcdn.com/images//0584r12000n0q3dcfE592_C_568_320.jpg_.webp?_fr=wc
London Food and Beverages Experience: London Piccadilly Hard Rock Cafe admission ticket [Conditional Refund/Instant Confirmation],https://www.trip.com/things-to-do/detail/93823300/?Allianceid=8675451&SID=319479553,London,https://ak-d.tripcdn.com/images//0586h12000n3oql3b325A_C_568_320.jpg_.webp?_fr=wc
London: 6-Course Dinner on a Panaromic Bus Tour by Bustronome,https://www.trip.com/things-to-do/detail/101516581/?Allianceid=8675451&SID=319479553,London,https://ak-d.tripcdn.com/images/0355v12000fz9ltroDC2F_C_568_320.jpg_.webp?_fr=wc
London Dinner Cruise on the Thames,https://www.trip.com/things-to-do/detail/103712619/?Allianceid=8675451&SID=319479553,London,https://ak-d.tripcdn.com/images/0350i12000bh3zg2o341F_C_568_320.jpg_.webp?_fr=wc
London: Shakespeare's Globe Theatre Guided Tour,https://www.trip.com/things-to-do/detail/105975389/?Allianceid=8675451&SID=319479553,London,https://ak-d.tripcdn.com/images//0583y12000oeddt5c5F4F_C_568_320.jpg_.webp?_fr=wc
London-Paris Eurostar Business Class Train Ticket (Eurostar/Premier Seat),https://www.trip.com/things-to-do/detail/104675535/?Allianceid=8675451&SID=319479553,London,https://ak-d.tripcdn.com/images/0356512000rrqfln42DE8_C_568_320.jpg_.webp?_fr=wc
London Food Experience: Chocolate Cocktail Club Bar Tour [Various Desserts/Friends Gathering/Team Building/Great Place for Exploration],https://www.trip.com/things-to-do/detail/92270466/?Allianceid=8675451&SID=319479553,London,https://ak-d.tripcdn.com/images//0581612000n3khqvz55D6_C_568_320.jpg_.webp?_fr=wc
"Hamilton Musical Experience at Victoria Palace Theatre in London, UK",https://www.trip.com/things-to-do/detail/89242050/?Allianceid=8675451&SID=319479553,London,https://ak-d.tripcdn.com/images/0356c12000nv8h4d7A071_C_568_320.png_.webp?_fr=wc
UK 1-day tour: Leeds Castle + Canterbury + Dover + Maritime Greenwich|Includes admission ticket + cruise,https://www.trip.com/things-to-do/detail/19844705/?Allianceid=8675451&SID=319479553,London,https://ak-d.tripcdn.com/images/100q160000010hf75023E_C_568_320.jpg_.webp?_fr=wc
London + University of Cambridge 1-day tour [Family-friendly route I Private charter route I Chinese-English speaking guide],https://www.trip.com/things-to-do/detail/69733730/?Allianceid=8675451&SID=319479553,London,https://ak-d.tripcdn.com/images/0355z12000hm1pj3g7E25_C_568_320.png_.webp?_fr=wc
London Westminster to Greenwich Thames river sightseeing cruise one-way/round-trip,https://www.trip.com/things-to-do/detail/50343980/?Allianceid=8675451&SID=319479553,London,https://ak-d.tripcdn.com/images/0350j12000rdnkkudEF9D_C_568_320.jpg_.webp?_fr=wc
London attraction day tour (including cruise & changing of the guard ceremony),https://www.trip.com/things-to-do/detail/106637093/?Allianceid=8675451&SID=319479553,London,https://ak-d.tripcdn.com/images/0351q12000s7s2f01F1D0_C_568_320.jpg_.webp?_fr=wc
"Big Ben + Hyde Park + Tower of London + Royal Botanic Gardens, Kew + Notting Hill Day Tour [Private Charter Line]",https://www.trip.com/things-to-do/detail/69718876/?Allianceid=8675451&SID=319479553,London,https://ak-d.tripcdn.com/images//0584v12000n1alddnEE20_C_568_320.jpg_.webp?_fr=wc
London: Afternoon Tea Cruise,https://www.trip.com/things-to-do/detail/101387807/?Allianceid=8675451&SID=319479553,London,https://ak-d.tripcdn.com/images/0355f12000j7jra0zF0DF_C_568_320.jpg_.webp?_fr=wc
"Travel photo shoot in London, UK",https://www.trip.com/things-to-do/detail/96627008/?Allianceid=8675451&SID=319479553,London,"https://ak-d.tripcdn.com/images/0350h12000nh0o4f15ADF_C_568_320.jpg_.webp?proc=crop/m_c,w_800,h_600,x_0,y_0,g_center,7F31&_fr=wc"
London 1-day tour: Tower of London + St. Paul's Cathedral + Thames River Cruise + Buckingham Palace,https://www.trip.com/things-to-do/detail/22603691/?Allianceid=8675451&SID=319479553,London,https://ak-d.tripcdn.com/images//0581912000mz7ur46975E_C_568_320.jpg_.webp?_fr=wc
Westminster to Greenwich Sightseeing Thames Cruise in London,https://www.trip.com/things-to-do/detail/106922292/?Allianceid=8675451&SID=319479553,London,https://ak-d.tripcdn.com/images//0581p12000ntuhny344EF_C_568_320.jpg_.webp?_fr=wc
London Eye River Cruise and London Eye Ticket Option,https://www.trip.com/things-to-do/detail/106906806/?Allianceid=8675451&SID=319479553,London,https://ak-d.tripcdn.com/images//0583k12000nx7azud27AF_C_568_320.jpg_.webp?_fr=wc
"Thames River Sightseeing Cruise in London, UK - Boat Ticket + Afternoon Tea",https://www.trip.com/things-to-do/detail/102536185/?Allianceid=8675451&SID=319479553,London,https://ak-d.tripcdn.com/images/0355f12000e6dt8eq7F20_C_568_320.jpg_.webp?_fr=wc
Eye on the Thames river cruise,https://www.trip.com/things-to-do/detail/83991291/?Allianceid=8675451&SID=319479553,London,https://ak-d.tripcdn.com/images//0580k12000n28tphlC42B_C_568_320.jpg_.webp?_fr=wc
London Hop-on Hop-off Open-top Double-decker Sightseeing Bus Experience [Optional 24/48/72-hr Bus Pass + One-way Thames River Sightseeing Cruise Ticket],https://www.trip.com/things-to-do/detail/90526347/?Allianceid=8675451&SID=319479553,London,https://ak-d.tripcdn.com/images//0580v12000n30efafA3FC_C_568_320.jpg_.webp?_fr=wc
London Paddington Bear Themed Afternoon Tea Bus [Family-Friendly/Special Fairy Tale Exclusive Menu/90 min Tour of London Landmarks],https://www.trip.com/things-to-do/detail/104665052/?Allianceid=8675451&SID=319479553,London,https://ak-d.tripcdn.com/images/0352i12000rrc9vqa8986_C_568_320.png_.webp?_fr=wc
"London: London Eye Ticket, Hop-on Hop-off Tour & River Cruise",https://www.trip.com/things-to-do/detail/105831449/?Allianceid=8675451&SID=319479553,London,https://ak-d.tripcdn.com/images/0356i12000jd0nm9z095B_C_568_320.jpg_.webp?_fr=wc
"From London: Small Group Stonehenge, Bath & Cotswolds Tour",https://www.trip.com/things-to-do/detail/106202656/?Allianceid=8675451&SID=319479553,London,https://ak-d.tripcdn.com/images//0587112000oc4hrx88F80_C_568_320.jpg_.webp?_fr=wc
From London: Oxford and Cotswolds Villages Small Group Tour,https://www.trip.com/things-to-do/detail/106246734/?Allianceid=8675451&SID=319479553,London,https://ak-d.tripcdn.com/images//0580z12000o5mddl1D08A_C_568_320.jpg_.webp?_fr=wc
"London: Big Bus Hop-on Hop-off Tour, Walking Tour & River Cruise",https://www.trip.com/things-to-do/detail/105827610/?Allianceid=8675451&SID=319479553,London,https://ak-d.tripcdn.com/images/0353m12000fz2s2u273EA_C_568_320.jpg_.webp?_fr=wc
From London: Full-Day Cotswolds Small-Group Tour,https://www.trip.com/things-to-do/detail/105977154/?Allianceid=8675451&SID=319479553,London,https://ak-d.tripcdn.com/images/0354112000nvsi3iqBABD_C_568_320.jpg_.webp?_fr=wc
"Thames River Sightseeing Cruise in London, UK - Evening Cruise Ticket + Snacks + Performance",https://www.trip.com/things-to-do/detail/102915669/?Allianceid=8675451&SID=319479553,London,https://ak-d.tripcdn.com/images//0580u12000r0wd48w8CD2_C_568_320.jpg_.webp?_fr=wc
London Cable Car,https://www.trip.com/things-to-do/detail/104510286/?Allianceid=8675451&SID=319479553,London,https://ak-d.tripcdn.com/images//0585h12000of2zvr73C7A_C_568_320.jpg_.webp?_fr=wc
London by Night Sightseeing Tour - Open Top Bus,https://www.trip.com/things-to-do/detail/16043048/?Allianceid=8675451&SID=319479553,London,https://ak-d.tripcdn.com/images//0582g12000nj0493x6A24_C_568_320.jpg_.webp?_fr=wc
Cotswolds Villages and Oxford Full Day Tour from London,https://www.trip.com/things-to-do/detail/106958559/?Allianceid=8675451&SID=319479553,London,https://ak-d.tripcdn.com/images//0585e12000oyzcu2i1955_C_568_320.jpg_.webp?_fr=wc
"Windsor Castle, Stonehenge and Oxford Day Guided Tour from London",https://www.trip.com/things-to-do/detail/106846418/?Allianceid=8675451&SID=319479553,London,https://ak-d.tripcdn.com/images//0582w12000n0xqgco6558_C_568_320.jpg_.webp?_fr=wc
Tower of London and Crown Jewels Exhibition Ticket,https://www.trip.com/things-to-do/detail/106863389/?Allianceid=8675451&SID=319479553,London,https://ak-d.tripcdn.com/images//0586v12000ntpl9dr5D4A_C_568_320.jpg_.webp?_fr=wc
London: Afternoon Tea at The Rubens at the Palace,https://www.trip.com/things-to-do/detail/98645595/?Allianceid=8675451&SID=319479553,London,https://ak-d.tripcdn.com/images//0583x12000oelkzunB305_C_568_320.jpg_.webp?_fr=wc
"London, UK Buckingham Palace + Stonehenge 1-day tour [self-guided + includes admission tickets to both attractions]",https://www.trip.com/things-to-do/detail/90493072/?Allianceid=8675451&SID=319479553,London,https://ak-d.tripcdn.com/images//0585q12000n303a8x298F_C_568_320.jpg_.webp?_fr=wc
"Explore Windsor Castle, Stonehenge and Oxford",https://www.trip.com/things-to-do/detail/104903687/?Allianceid=8675451&SID=319479553,London,https://ak-d.tripcdn.com/images//0581512000rv475r8F064_C_568_320.jpg_.webp?_fr=wc
London 1-day tour to Buckingham Palace + Windsor Castle [Self-guided tour + Includes admission tickets for both attractions],https://www.trip.com/things-to-do/detail/90485125/?Allianceid=8675451&SID=319479553,London,https://ak-d.tripcdn.com/images//0582a12000n33xynu4F9B_C_568_320.jpg_.webp?_fr=wc
"Half-day tour to Westminster + Wimbledon Lawn Tennis Club from London, UK",https://www.trip.com/things-to-do/detail/89369844/?Allianceid=8675451&SID=319479553,London,https://ak-d.tripcdn.com/images//0584v12000pb8w7ma840A_C_568_320.jpg_.webp?_fr=wc
Shakespeare's Stratford & Cotswolds: Guided Tour from London,https://www.trip.com/things-to-do/detail/101406750/?Allianceid=8675451&SID=319479553,London,https://ak-d.tripcdn.com/images/0355e12000g3blcpa312D_C_568_320.jpg_.webp?_fr=wc
Warner Bros Studio Tour London - The Making of Harry Potter with hotel pick up - Morning Departure,https://www.trip.com/things-to-do/detail/57850649/?Allianceid=8675451&SID=319479553,London,https://ak-d.tripcdn.com/images//0586t12000n0myybm53E3_C_568_320.jpg_.webp?_fr=wc
1-day tour to Trinity College + LEGOLAND® Windsor Resort + Bridge of Sighs,https://www.trip.com/things-to-do/detail/69710455/?Allianceid=8675451&SID=319479553,London,https://ak-d.tripcdn.com/images/100a1f000001grjdqF792_C_568_320.jpg_.webp?_fr=wc
Big Ben + Tower Bridge + Tower of London + The National Gallery + Trafalgar Square,https://www.trip.com/things-to-do/detail/69675576/?Allianceid=8675451&SID=319479553,London,https://ak-d.tripcdn.com/images/100f0z000000ng621557A_C_568_320.jpg_.webp?_fr=wc
"Windsor, Stonehenge and Bath with Optional Entrances - Fully Guided Coach Tour",https://www.trip.com/things-to-do/detail/104903835/?Allianceid=8675451&SID=319479553,London,https://ak-d.tripcdn.com/images//0580f12000rv5il9fD07E_C_568_320.jpg_.webp?_fr=wc
Warner Bros. Studio Tour London + London Zoo + London Day Tour,https://www.trip.com/things-to-do/detail/69724840/?Allianceid=8675451&SID=319479553,London,https://ak-d.tripcdn.com/images/0104y120009lq2ws2516B_C_568_320.jpg_.webp?_fr=wc
Big Ben + Tower Bridge + Westminster Abbey + Kensington Palace + Kensington Gardens 1-day tour,https://www.trip.com/things-to-do/detail/69712476/?Allianceid=8675451&SID=319479553,London,https://ak-d.tripcdn.com/images/10041f000001gp7wl93F0_C_568_320.jpg_.webp?_fr=wc
1-day tour to the University of Oxford + University of Cambridge [Round-trip from London | Optional Chinese or English guide],https://www.trip.com/things-to-do/detail/60171362/?Allianceid=8675451&SID=319479553,London,https://ak-d.tripcdn.com/images//0580312000n0rmhuo458D_C_568_320.jpg_.webp?_fr=wc
The British Museum + Trafalgar Square + London Eye + Tower Bridge + Palace of Westminster,https://www.trip.com/things-to-do/detail/69811410/?Allianceid=8675451&SID=319479553,London,https://ak-d.tripcdn.com/images/100f0u000000j5zld9454_C_568_320.jpg_.webp?_fr=wc
London Day Tour: Leeds Castle + Canterbury Cathedral (Including Admission Ticket)|Mon/Thurs (Chinese),https://www.trip.com/things-to-do/detail/86873593/?Allianceid=8675451&SID=319479553,London,https://ak-d.tripcdn.com/images/0HJ4z12000h00efjq57D4_C_568_320.jpg_.webp?_fr=wc
Faulty Towers The Dining Experience in London,https://www.trip.com/things-to-do/detail/16041138/?Allianceid=8675451&SID=319479553,London,https://ak-d.tripcdn.com/images//0583l12000nj0gbzrB623_C_568_320.jpg_.webp?_fr=wc
The British Museum + Big Ben + Tower Bridge + The Shard + St. Paul's Cathedral,https://www.trip.com/things-to-do/detail/69677638/?Allianceid=8675451&SID=319479553,London,https://ak-d.tripcdn.com/images/100m1f000001gzluaA5EC_C_568_320.jpg_.webp?_fr=wc
Stamford Bridge and Chelsea Football Club Museum Experience in London,https://www.trip.com/things-to-do/detail/103357279/?Allianceid=8675451&SID=319479553,London,https://ak-d.tripcdn.com/images/0354o12000r8b9mle8509_C_568_320.jpg_.webp?_fr=wc
London British Retro Double-Decker Afternoon Tea Bus [Perfect for Instagrammable Moments with Friends + Exquisite Desserts/Pastries/Scones + Tour of London Landmarks],https://www.trip.com/things-to-do/detail/104628021/?Allianceid=8675451&SID=319479553,London,https://ak-d.tripcdn.com/images/0352f12000rr46x8r89CC_C_568_320.png_.webp?_fr=wc
Millennium Bridge + Sky Garden + Tate Modern + Big Ben + London Eye + Tower Bridge,https://www.trip.com/things-to-do/detail/69729925/?Allianceid=8675451&SID=319479553,London,https://ak-d.tripcdn.com/images//0586y12000n1ai1qy3649_C_568_320.jpg_.webp?_fr=wc
"Buckingham Palace, National Gallery & More: London Walk",https://www.trip.com/things-to-do/detail/98749602/?Allianceid=8675451&SID=319479553,London,https://ak-d.tripcdn.com/images//0581g12000oeklx2kD7A6_C_568_320.jpg_.webp?_fr=wc
Afternoon Tea Bus with Panoramic Tour of London,https://www.trip.com/things-to-do/detail/99240814/?Allianceid=8675451&SID=319479553,London,https://ak-d.tripcdn.com/images/0354j12000cha0hk21B5D_C_568_320.jpg_.webp?_fr=wc
Stamford Bridge + Craven Cottage + Wembley Stadium + Tottenham Hotspur Football Club,https://www.trip.com/things-to-do/detail/69795887/?Allianceid=8675451&SID=319479553,London,https://ak-d.tripcdn.com/images/10080x000000leavt96CB_C_568_320.jpg_.webp?_fr=wc
UK Windsor Castle + Buckingham Palace 1-Day Tour | Includes Admission Ticket + Guide,https://www.trip.com/things-to-do/detail/94032561/?Allianceid=8675451&SID=319479553,London,https://ak-d.tripcdn.com/images//0581912000n3p91inF969_C_568_320.jpg_.webp?_fr=wc
"Aqua Shard restaurant reservation service in London, UK",https://www.trip.com/things-to-do/detail/96750505/?Allianceid=8675451&SID=319479553,London,https://ak-d.tripcdn.com/images/0352x12000nm4v6nsD529_C_568_320.jpg_.webp?_fr=wc
Stonehenge and Bath Day Guided Tour from London,https://www.trip.com/things-to-do/detail/106888870/?Allianceid=8675451&SID=319479553,London,https://ak-d.tripcdn.com/images//0584a12000n0xprnbD076_C_568_320.jpg_.webp?_fr=wc
London Dining: MOONSHINE SALOON Immersive Cocktail Experience [BYOB/Wild West Theme/Interactive Storytelling],https://www.trip.com/things-to-do/detail/92356052/?Allianceid=8675451&SID=319479553,London,https://ak-d.tripcdn.com/images//0582x12000n3jqzma6928_C_568_320.jpg_.webp?_fr=wc
Stonehenge & Bath Day Tour from London including Admission,https://www.trip.com/things-to-do/detail/106976368/?Allianceid=8675451&SID=319479553,London,https://ak-d.tripcdn.com/images//0580312000npbjw1mE00D_C_568_320.jpg_.webp?_fr=wc
"Windsor Castle, Stonehenge, and Oxford Day Trip from London",https://www.trip.com/things-to-do/detail/106855686/?Allianceid=8675451&SID=319479553,London,https://ak-d.tripcdn.com/images//0580l12000n131zidCCFB_C_568_320.jpg_.webp?_fr=wc
Stonehenge & Bath Day Trip from London Optional Roman Baths Visit,https://www.trip.com/things-to-do/detail/106875161/?Allianceid=8675451&SID=319479553,London,https://ak-d.tripcdn.com/images//0580m12000noofeio1919_C_568_320.jpg_.webp?_fr=wc
Changing of the Guard Guided Tour at Buckingham Palace,https://www.trip.com/things-to-do/detail/107062541/?Allianceid=8675451&SID=319479553,London,https://ak-d.tripcdn.com/images//0585612000nu7b0a97D0C_C_568_320.jpg_.webp?_fr=wc
From London: Cotswolds and Oxford Guided Day-Trip,https://www.trip.com/things-to-do/detail/105940713/?Allianceid=8675451&SID=319479553,London,https://ak-d.tripcdn.com/images//0580412000oc3rr2cAE96_C_568_320.jpg_.webp?_fr=wc
London: Titanic - Echoes from the Past VR Experience,https://www.trip.com/things-to-do/detail/101448313/?Allianceid=8675451&SID=319479553,London,https://ak-d.tripcdn.com/images/0353y12000q13yyho4C16_C_568_320.jpg_.webp?_fr=wc
London: St Paul's Cathedral Entry Ticket,https://www.trip.com/things-to-do/detail/106446732/?Allianceid=8675451&SID=319479553,London,https://ak-d.tripcdn.com/images//0580h12000ofog4xgF4EE_C_568_320.jpg_.webp?_fr=wc
London Cable Car: Roundtrip Ticket,https://www.trip.com/things-to-do/detail/105594587/?Allianceid=8675451&SID=319479553,London,https://ak-d.tripcdn.com/images/0355112000q1lbngs88EF_C_568_320.jpg_.webp?_fr=wc
"Windsor Castle, Stonehenge, and Oxford Day Trip from London",https://www.trip.com/things-to-do/detail/106854880/?Allianceid=8675451&SID=319479553,London,https://ak-d.tripcdn.com/images//0583112000n0x6dri1F5D_C_568_320.jpg_.webp?_fr=wc
The Changing of the Guard Tour and Buckingham Palace,https://www.trip.com/things-to-do/detail/107137935/?Allianceid=8675451&SID=319479553,London,https://ak-d.tripcdn.com/images//0583x12000n21lvr553AC_C_568_320.jpg_.webp?_fr=wc
Seven Sisters & South Downs Tour with Train Tickets Included,https://www.trip.com/things-to-do/detail/106964158/?Allianceid=8675451&SID=319479553,London,https://ak-d.tripcdn.com/images//0581o12000nr45n255F41_C_568_320.jpg_.webp?_fr=wc
Harry Potter Warner Bros. Studio London: Entry + Roundtrip Transport,https://www.trip.com/things-to-do/detail/104932500/?Allianceid=8675451&SID=319479553,London,https://ak-d.tripcdn.com/images/0354312000fz3k8fl2B6C_C_568_320.jpg_.webp?_fr=wc
Uber Boat by Thames Clippers: 1-Day Hop-on Hop-off Pass,https://www.trip.com/things-to-do/detail/106250024/?Allianceid=8675451&SID=319479553,London,https://ak-d.tripcdn.com/images/0352x12000h71um36516D_C_568_320.jpg_.webp?_fr=wc
Arsenal FC: Emirates Stadium Tour,https://www.trip.com/things-to-do/detail/106415088/?Allianceid=8675451&SID=319479553,London,https://ak-d.tripcdn.com/images/0351812000rbmm3by9713_C_568_320.jpg_.webp?_fr=wc
From London: Stonehenge Morning Day Trip with Admission,https://www.trip.com/things-to-do/detail/106007431/?Allianceid=8675451&SID=319479553,London,https://ak-d.tripcdn.com/images//0582j12000o61x0a9D5DF_C_568_320.jpg_.webp?_fr=wc
"Stonehenge, Windsor Castle, and Bath from London",https://www.trip.com/things-to-do/detail/105022142/?Allianceid=8675451&SID=319479553,London,https://ak-d.tripcdn.com/images//0581i12000n0zooekAE73_C_568_320.jpg_.webp?_fr=wc
From London: Stonehenge and Bath Day Trip with Entry Ticket,https://www.trip.com/things-to-do/detail/106154136/?Allianceid=8675451&SID=319479553,London,https://ak-d.tripcdn.com/images//0581n12000oc59fx3B049_C_568_320.jpg_.webp?_fr=wc
"Oxford, Stratford, Cotswolds & Warwick Castle Tour from London",https://www.trip.com/things-to-do/detail/105013790/?Allianceid=8675451&SID=319479553,London,https://ak-d.tripcdn.com/images//0584712000npblyyvA379_C_568_320.jpg_.webp?_fr=wc
From London: Stonehenge and Oxford Day Tour With Admission,https://www.trip.com/things-to-do/detail/106340399/?Allianceid=8675451&SID=319479553,London,https://ak-d.tripcdn.com/images//0580c12000o6fv03f93B9_C_568_320.jpg_.webp?_fr=wc
London: Avora New World Cocktail Experience with 3 Cocktails,https://www.trip.com/things-to-do/detail/106375061/?Allianceid=8675451&SID=319479553,London,https://ak-d.tripcdn.com/images/0356t12000nwa0dlz6792_C_568_320.jpg_.webp?_fr=wc
London: Top 7 Cotswolds Stops plus Shakespeare's Stratford,https://www.trip.com/things-to-do/detail/105979071/?Allianceid=8675451&SID=319479553,London,https://ak-d.tripcdn.com/images//0585o12000oe1bennA251_C_568_320.jpg_.webp?_fr=wc
Wicked Westminster: The Original London Ghost walk,https://www.trip.com/things-to-do/detail/106966513/?Allianceid=8675451&SID=319479553,London,https://ak-d.tripcdn.com/images//0585012000rem6exwFE0B_C_568_320.jpg_.webp?_fr=wc
"Stonehenge, Windsor Castle and Bath Full Day Guided Tour",https://www.trip.com/things-to-do/detail/106889908/?Allianceid=8675451&SID=319479553,London,https://ak-d.tripcdn.com/images//0585v12000rjf7yxx98B7_C_568_320.jpg_.webp?_fr=wc
Secret bike tour of London City and the East End,https://www.trip.com/things-to-do/detail/96610118/?Allianceid=8675451&SID=319479553,London,https://ak-d.tripcdn.com/images//0583912000nrjfi4h4FBD_C_568_320.jpg_.webp?_fr=wc
Stonehenge and Bath Tour from London,https://www.trip.com/things-to-do/detail/106844630/?Allianceid=8675451&SID=319479553,London,https://ak-d.tripcdn.com/images//0585q12000sgk723n8C60_C_568_320.jpg_.webp?_fr=wc
Stamford Bridge: Guided Tour + Chelsea FC Museum Entry,https://www.trip.com/things-to-do/detail/106536845/?Allianceid=8675451&SID=319479553,London,https://ak-d.tripcdn.com/images/0353912000q1c6lnh1DE0_C_568_320.jpg_.webp?_fr=wc
Blenheim Palace Tour and The Cotswolds Day Trip from London,https://www.trip.com/things-to-do/detail/106915459/?Allianceid=8675451&SID=319479553,London,https://ak-d.tripcdn.com/images//0585a12000sp1ln686F34_C_568_320.jpg_.webp?_fr=wc
Uber Boat by Thames Clippers: Roundtrip Ticket,https://www.trip.com/things-to-do/detail/106437460/?Allianceid=8675451&SID=319479553,London,https://ak-d.tripcdn.com/images/0356c12000h7fjcy3A9A2_C_568_320.jpg_.webp?_fr=wc
London Jack the Ripper Guided Tour with Ripper-Vision,https://www.trip.com/things-to-do/detail/107285370/?Allianceid=8675451&SID=319479553,London,https://ak-d.tripcdn.com/images//0583l12000nugc6ow5B4B_C_568_320.jpg_.webp?_fr=wc
London: Harry Potter Studio Tour and Oxford Day Trip,https://www.trip.com/things-to-do/detail/106383255/?Allianceid=8675451&SID=319479553,London,https://ak-d.tripcdn.com/images/0355h12000nou7pwa4641_C_568_320.png_.webp?_fr=wc
The Rubens at The Palace London: Afternoon Tea,https://www.trip.com/things-to-do/detail/101536673/?Allianceid=8675451&SID=319479553,London,https://ak-d.tripcdn.com/images/0356y12000fzcf71z6E2D_C_568_320.jpg_.webp?_fr=wc
Harry Potter Warner Bros. Studio London: Entry + Roundtrip Transport,https://www.trip.com/things-to-do/detail/105597626/?Allianceid=8675451&SID=319479553,London,https://ak-d.tripcdn.com/images/0355612000fz3c6gpDBC9_C_568_320.jpg_.webp?_fr=wc
"Leeds Castle, Cliffs of Dover and Canterbury Day Trip from London with Guided Cathedral Tour",https://www.trip.com/things-to-do/detail/106931210/?Allianceid=8675451&SID=319479553,London,https://ak-d.tripcdn.com/images//0585u12000n13621p5554_C_568_320.jpg_.webp?_fr=wc
London: The London Eye Entry Ticket,https://www.trip.com/things-to-do/detail/106443897/?Allianceid=8675451&SID=319479553,London,https://ak-d.tripcdn.com/images//0586o12000ofegvjr6F8B_C_568_320.jpg_.webp?_fr=wc
The Kensington Palace Gardens Royal High Tea,https://www.trip.com/things-to-do/detail/106970410/?Allianceid=8675451&SID=319479553,London,https://ak-d.tripcdn.com/images//0585v12000ntpchfh8CE1_C_568_320.jpg_.webp?_fr=wc
From London: White Cliffs of Dover and Canterbury Day Trip,https://www.trip.com/things-to-do/detail/106266704/?Allianceid=8675451&SID=319479553,London,https://ak-d.tripcdn.com/images//0584q12000ofnsnsp486D_C_568_320.jpg_.webp?_fr=wc
London landmarks and secret bike tour (visit pubs and street art),https://www.trip.com/things-to-do/detail/96616689/?Allianceid=8675451&SID=319479553,London,https://ak-d.tripcdn.com/images//0585g12000nrif2fp55E3_C_568_320.jpg_.webp?_fr=wc
Discover Oxford and Cambridge with Guide from London by Coach,https://www.trip.com/things-to-do/detail/106998764/?Allianceid=8675451&SID=319479553,London,https://ak-d.tripcdn.com/images//0586o12000n17m2sz610B_C_568_320.jpg_.webp?_fr=wc
England London Trip Moments,https://www.trip.com/things-to-do/detail/100271512/?Allianceid=8675451&SID=319479553,London,"https://ak-d.tripcdn.com/images/0350t12000nh1qut481B9_C_568_320.jpg_.webp?proc=crop/m_c,w_800,h_600,x_33,y_0,g_center,B6C9&_fr=wc"
From London: Full-Day Cotswolds Villages Group Tour,https://www.trip.com/things-to-do/detail/106493927/?Allianceid=8675451&SID=319479553,London,https://ak-d.tripcdn.com/images//0581m12000odkjqd61478_C_568_320.jpg_.webp?_fr=wc
London: Warner Bros. Studio Harry Potter Tour with Transfers,https://www.trip.com/things-to-do/detail/107364522/?Allianceid=8675451&SID=319479553,London,https://ak-d.tripcdn.com/images//0582712000sb3pqv8656A_C_568_320.jpg_.webp?_fr=wc
Harry Potter Warner Bros. Studio London: Entry + Train Transfer,https://www.trip.com/things-to-do/detail/106852196/?Allianceid=8675451&SID=319479553,London,https://ak-d.tripcdn.com/images/0353b12000iqq6d4k816F_C_568_320.jpg_.webp?_fr=wc
London Climbing Experience: Alexandra Palace Rooftop Walk with Professional Climbing Guide + Panoramic Views of London,https://www.trip.com/things-to-do/detail/104986926/?Allianceid=8675451&SID=319479553,London,https://ak-d.tripcdn.com/images/0353u12000rw85ttl4307_C_568_320.png_.webp?_fr=wc
London Big Bus hop-on hop-off bus (double-decker bus + hop-on hop-off + citywide landmark connections + leisurely British scenery exploration),https://www.trip.com/things-to-do/detail/107683325/?Allianceid=8675451&SID=319479553,London,https://ak-d.tripcdn.com/images/0351x12000seh8n3iD7A6_C_568_320.jpg_.webp?_fr=wc
Morning bike tour of London's parks and palaces,https://www.trip.com/things-to-do/detail/96617177/?Allianceid=8675451&SID=319479553,London,https://ak-d.tripcdn.com/images//0584v12000nrigfv5F6E6_C_568_320.jpg_.webp?_fr=wc
United Kingdom Coventry Trip Moments,https://www.trip.com/things-to-do/detail/66163800/?Allianceid=8675451&SID=319479553,London,"https://ak-d.tripcdn.com/images/0350112000dkt471p1734_C_568_320.jpg_.webp?proc=crop/m_c,w_1200,h_900,x_3,y_0,g_center,B767&_fr=wc"
London: Fully Flexible River Thames Sightseeing Pass,https://www.trip.com/things-to-do/detail/106133857/?Allianceid=8675451&SID=319479553,London,https://ak-d.tripcdn.com/images//0581q12000ofjce3367B0_C_568_320.jpg_.webp?_fr=wc
